display_name,name_norm,n_books,n_entries,source_types,books,pages
إبراهيم بن عبد الله,ابراهيم بن عبد الله,5,9,biography; biography/ṭabaqāt; general; general/jarḥ+taʿdīl; jarḥ (ḍuʿafāʾ),lisan_mizan_ibnhajar; mughni_duafa_dhahabi; siyar_dhahabi; tabaqat_ibnsad; tarikh_kabir_bukhari,tabaqat_ibnsad:ج7/ص426 | tabaqat_ibnsad:ج7/ص473 | tabaqat_ibnsad:ج7/ص538
الحسين بن علي النخعي,الحسين بن علي النخعي,4,4,general/jarḥ+taʿdīl; ikhtilāṭ; jarḥ (ḍuʿafāʾ),ightibat_sibt_ibnajami; kawakib_nayyirat; lisan_mizan_ibnhajar; mughni_duafa_dhahabi,
داود بن فراهيج,داود بن فراهيج,4,4,biography/ṭabaqāt; general/jarḥ+taʿdīl; ikhtilāṭ,ightibat_sibt_ibnajami; kawakib_nayyirat; lisan_mizan_ibnhajar; tabaqat_ibnsad,tabaqat_ibnsad:ج7/ص305
محمد بن عبد الله,محمد بن عبد الله,3,16,biography/ṭabaqāt; general; general/jarḥ+taʿdīl,lisan_mizan_ibnhajar; tabaqat_ibnsad; tarikh_kabir_bukhari,tabaqat_ibnsad:ج7/ص265 | tabaqat_ibnsad:ج7/ص312 | tabaqat_ibnsad:ج7/ص479 | tabaqat_ibnsad:ج7/ص497 | tabaqat_ibnsad:ج7/ص535 | tabaqat_ibnsad:ج7/ص555 | tabaqat_ibnsad:ج7/ص569 | tabaqat_ibnsad:ج7/ص579 | tabaqat_ibnsad:ج7/ص582 | tabaqat_ibnsad:ج8/ص82 | tabaqat_ibnsad:ج8/ص538
محمد بن عبد الرحمن,محمد بن عبد الرحمن,3,15,biography/ṭabaqāt; general; general/jarḥ+taʿdīl,lisan_mizan_ibnhajar; tabaqat_ibnsad; tarikh_kabir_bukhari,tabaqat_ibnsad:ج7/ص207 | tabaqat_ibnsad:ج7/ص239 | tabaqat_ibnsad:ج7/ص278 | tabaqat_ibnsad:ج7/ص487 | tabaqat_ibnsad:ج7/ص493 | tabaqat_ibnsad:ج7/ص522 | tabaqat_ibnsad:ج7/ص595 | tabaqat_ibnsad:ج8/ص57 | tabaqat_ibnsad:ج8/ص415 | tabaqat_ibnsad:ج8/ص478
عبد الله بن عبد الرحمن,عبد الله بن عبد الرحمن,3,12,biography/ṭabaqāt; general; general/jarḥ+taʿdīl,lisan_mizan_ibnhajar; tabaqat_ibnsad; tarikh_kabir_bukhari,tabaqat_ibnsad:ج7/ص193 | tabaqat_ibnsad:ج7/ص237 | tabaqat_ibnsad:ج7/ص419 | tabaqat_ibnsad:ج7/ص601 | tabaqat_ibnsad:ج8/ص47 | tabaqat_ibnsad:ج8/ص81
عبد الله بن يزيد,عبد الله بن يزيد,3,9,biography/ṭabaqāt; general; general/jarḥ+taʿdīl,lisan_mizan_ibnhajar; tabaqat_ibnsad; tarikh_kabir_bukhari,tabaqat_ibnsad:ج7/ص512 | tabaqat_ibnsad:ج7/ص525 | tabaqat_ibnsad:ج7/ص599 | tabaqat_ibnsad:ج8/ص80 | tabaqat_ibnsad:ج8/ص141
عبد الله بن زيد,عبد الله بن زيد,3,7,biography/ṭabaqāt; general; general/jarḥ+taʿdīl,lisan_mizan_ibnhajar; tabaqat_ibnsad; tarikh_kabir_bukhari,tarikh_kabir_bukhari:ج5/ص92 | tabaqat_ibnsad:ج3/ص497 | tabaqat_ibnsad:ج7/ص261 | tabaqat_ibnsad:ج7/ص592 | tabaqat_ibnsad:ج8/ص90
عبد الله بن سعد,عبد الله بن سعد,3,7,biography/ṭabaqāt; general; general/jarḥ+taʿdīl,lisan_mizan_ibnhajar; tabaqat_ibnsad; tarikh_kabir_bukhari,lisan_mizan_ibnhajar:ج9/ص340 | tarikh_kabir_bukhari:ج5/ص28 | tabaqat_ibnsad:ج5/ص300 | tabaqat_ibnsad:ج6/ص129 | tabaqat_ibnsad:ج9/ص506
إبراهيم بن محمد,ابراهيم بن محمد,3,6,biography/ṭabaqāt; jarḥ (ḍuʿafāʾ),duafa_uqayli; mughni_duafa_dhahabi; tabaqat_ibnsad,tabaqat_ibnsad:ج7/ص398 | tabaqat_ibnsad:ج7/ص468 | tabaqat_ibnsad:ج7/ص544 | tabaqat_ibnsad:ج7/ص603 | duafa_uqayli:ج1/ص65
إسحاق بن إبراهيم,اسحاق بن ابراهيم,3,5,general; general/jarḥ+taʿdīl; jarḥ (ḍuʿafāʾ),lisan_mizan_ibnhajar; mughni_duafa_dhahabi; tarikh_kabir_bukhari,
عبد الله بن سلمة,عبد الله بن سلمه,3,5,biography/ṭabaqāt; general; general/jarḥ+taʿdīl,lisan_mizan_ibnhajar; tabaqat_ibnsad; tarikh_kabir_bukhari,tabaqat_ibnsad:ج3/ص434 | tabaqat_ibnsad:ج8/ص236
إبراهيم بن إسحاق,ابراهيم بن اسحاق,3,4,general; general/jarḥ+taʿdīl; jarḥ (ḍuʿafāʾ),lisan_mizan_ibnhajar; mughni_duafa_dhahabi; tarikh_kabir_bukhari,
إبراهيم بن زياد,ابراهيم بن زياد,3,4,general; general/jarḥ+taʿdīl; jarḥ (ḍuʿafāʾ),lisan_mizan_ibnhajar; mughni_duafa_dhahabi; tarikh_kabir_bukhari,
عثمان بن محمد,عثمان بن محمد,3,4,biography/ṭabaqāt; general; general/jarḥ+taʿdīl,lisan_mizan_ibnhajar; tabaqat_ibnsad; tarikh_kabir_bukhari,tabaqat_ibnsad:ج7/ص484
عمرو بن حريث. </span>,عمرو بن حريث,3,4,biography/ṭabaqāt; general; general/jarḥ+taʿdīl,lisan_mizan_ibnhajar; tabaqat_ibnsad; tarikh_kabir_bukhari,tabaqat_ibnsad:ج6/ص534
عمير بن سعيد,عمير بن سعيد,3,4,biography/ṭabaqāt; general/jarḥ+taʿdīl; jarḥ (ḍuʿafāʾ),duafa_uqayli; lisan_mizan_ibnhajar; tabaqat_ibnsad,tabaqat_ibnsad:ج5/ص294 | tabaqat_ibnsad:ج8/ص290
عيسى بن موسى,عيسي بن موسي,3,4,general; general/jarḥ+taʿdīl; jarḥ (ḍuʿafāʾ),duafa_uqayli; lisan_mizan_ibnhajar; tarikh_kabir_bukhari,tarikh_kabir_bukhari:ج6/ص392 | duafa_uqayli:ج3/ص384
يزيد بن زيد,يزيد بن زيد,3,4,general; general/jarḥ+taʿdīl; jarḥ (ḍuʿafāʾ),duafa_uqayli; lisan_mizan_ibnhajar; tarikh_kabir_bukhari,
يزيد بن عبد الله,يزيد بن عبد الله,3,4,biography/ṭabaqāt; general; general/jarḥ+taʿdīl,lisan_mizan_ibnhajar; tabaqat_ibnsad; tarikh_kabir_bukhari,tabaqat_ibnsad:ج7/ص486 | tabaqat_ibnsad:ج7/ص488
أحمد بن أبي القاسم بن سنبلة (1) البغدادي,احمد بن ابي القاسم بن سنبله البغدادي,3,3,ikhtilāṭ; jarḥ (ḍuʿafāʾ),ightibat_sibt_ibnajami; kawakib_nayyirat; mughni_duafa_dhahabi,kawakib_nayyirat:ج1/ص98
بشر بن الوليد الكندي الفقيه,بشر بن الوليد الكندي الفقيه,3,3,general/jarḥ+taʿdīl; ikhtilāṭ,ightibat_sibt_ibnajami; kawakib_nayyirat; lisan_mizan_ibnhajar,kawakib_nayyirat:ج1/ص110
عبد الله بن واقد أبو قتادة الحراني,عبد الله بن واقد ابو قتاده الحراني,3,3,ikhtilāṭ; tadlīs,ightibat_sibt_ibnajami; kawakib_nayyirat; tabaqat_mudallisin_ibnhajar,kawakib_nayyirat:ج1/ص362
محمد بن زهير أبو يعلى الأبلى,محمد بن زهير ابو يعلي الابلي,3,3,general/jarḥ+taʿdīl; ikhtilāṭ,ightibat_sibt_ibnajami; kawakib_nayyirat; lisan_mizan_ibnhajar,kawakib_nayyirat:ج1/ص418
إبراهيم بن أبي بكر بن المنكدر,ابراهيم بن ابي بكر بن المنكدر,3,3,general/jarḥ+taʿdīl; jarḥ (ḍuʿafāʾ),duafa_uqayli; lisan_mizan_ibnhajar; mughni_duafa_dhahabi,duafa_uqayli:ج1/ص46
إبراهيم بن حرب العسقلاني,ابراهيم بن حرب العسقلاني,3,3,general/jarḥ+taʿdīl; jarḥ (ḍuʿafāʾ),duafa_uqayli; lisan_mizan_ibnhajar; mughni_duafa_dhahabi,duafa_uqayli:ج1/ص51
إبراهيم بن العلاء أبو هارون الغنوي.</span>,ابراهيم بن العلا ابو هارون الغنوي,3,3,general/jarḥ+taʿdīl; jarḥ (ḍuʿafāʾ),duafa_uqayli; lisan_mizan_ibnhajar; mughni_duafa_dhahabi,
977 إبراهيم بن عمر بن أبان,ابراهيم بن عمر بن ابان,3,3,general; general/jarḥ+taʿdīl; jarḥ (ḍuʿafāʾ),duafa_uqayli; lisan_mizan_ibnhajar; tarikh_kabir_bukhari,
أحمد بن الخليل النوفلي القومسي,احمد بن الخليل النوفلي القومسي,3,3,biography; general/jarḥ+taʿdīl; jarḥ (ḍuʿafāʾ),lisan_mizan_ibnhajar; mughni_duafa_dhahabi; siyar_dhahabi,
أحمد بن علي بن سلمان أبو بكر المروزي,احمد بن علي بن سلمان ابو بكر المروزي,3,3,general/jarḥ+taʿdīl; jarḥ (ḍuʿafāʾ),duafa_ibnjawzi; lisan_mizan_ibnhajar; mughni_duafa_dhahabi,
أسد بن وداعة,اسد بن وداعه,3,3,biography/ṭabaqāt; general/jarḥ+taʿdīl; jarḥ (ḍuʿafāʾ),lisan_mizan_ibnhajar; mughni_duafa_dhahabi; tabaqat_ibnsad,
إسماعيل بن ثابت بن مجمع,اسماعيل بن ثابت بن مجمع,3,3,general/jarḥ+taʿdīl; jarḥ (ḍuʿafāʾ),duafa_uqayli; lisan_mizan_ibnhajar; mughni_duafa_dhahabi,mughni_duafa_dhahabi:ج1/ص79 | duafa_uqayli:ج1/ص79
إسماعيل بن عبيد الله بن سلمان المكي,اسماعيل بن عبيد الله بن سلمان المكي,3,3,general/jarḥ+taʿdīl; jarḥ (ḍuʿafāʾ),duafa_uqayli; lisan_mizan_ibnhajar; mughni_duafa_dhahabi,duafa_uqayli:ج1/ص86
بشير بن زاذان,بشير بن زاذان,3,3,general/jarḥ+taʿdīl; jarḥ (ḍuʿafāʾ); tadlīs,duafa_uqayli; lisan_mizan_ibnhajar; tabaqat_mudallisin_ibnhajar,duafa_uqayli:ج1/ص144
جرير بن عبد الله,جرير بن عبد الله,3,3,biography/ṭabaqāt; general/jarḥ+taʿdīl; jarḥ (ḍuʿafāʾ),lisan_mizan_ibnhajar; mughni_duafa_dhahabi; tabaqat_ibnsad,tabaqat_ibnsad:ج8/ص145
الجعد بن درهم,الجعد بن درهم,3,3,biography; general/jarḥ+taʿdīl; jarḥ (ḍuʿafāʾ),lisan_mizan_ibnhajar; mughni_duafa_dhahabi; siyar_dhahabi,
الحارث بن زياد,الحارث بن زياد,3,3,biography/ṭabaqāt; general/jarḥ+taʿdīl; jarḥ (ḍuʿafāʾ),lisan_mizan_ibnhajar; mughni_duafa_dhahabi; tabaqat_ibnsad,tabaqat_ibnsad:ج8/ص140
حازم بن بشير البصري,حازم بن بشير البصري,3,3,general/jarḥ+taʿdīl; jarḥ (ḍuʿafāʾ),duafa_ibnjawzi; lisan_mizan_ibnhajar; mughni_duafa_dhahabi,
خالد بن كلاب,خالد بن كلاب,3,3,general/jarḥ+taʿdīl; jarḥ (ḍuʿafāʾ),duafa_uqayli; lisan_mizan_ibnhajar; mughni_duafa_dhahabi,duafa_uqayli:ج2/ص13
زيد بن عبد الرحمن بن زيد بن أسلم.</span>,زيد بن عبد الرحمن بن زيد بن اسلم,3,3,general/jarḥ+taʿdīl; jarḥ (ḍuʿafāʾ),duafa_ibnjawzi; duafa_uqayli; lisan_mizan_ibnhajar,duafa_uqayli:ج2/ص72
سالم بن هلال,سالم بن هلال,3,3,general; general/jarḥ+taʿdīl; jarḥ (ḍuʿafāʾ),lisan_mizan_ibnhajar; mughni_duafa_dhahabi; tarikh_kabir_bukhari,
سليمان بن مسافع الحجبي,سليمان بن مسافع الحجبي,3,3,general/jarḥ+taʿdīl; jarḥ (ḍuʿafāʾ),duafa_uqayli; lisan_mizan_ibnhajar; mughni_duafa_dhahabi,duafa_uqayli:ج2/ص141
سوادة بن إسماعيل,سواده بن اسماعيل,3,3,general; general/jarḥ+taʿdīl; jarḥ (ḍuʿafāʾ),lisan_mizan_ibnhajar; mughni_duafa_dhahabi; tarikh_kabir_bukhari,
شيخ بن أبي خالد,شيخ بن ابي خالد,3,3,general/jarḥ+taʿdīl; jarḥ (ḍuʿafāʾ),duafa_uqayli; lisan_mizan_ibnhajar; mughni_duafa_dhahabi,mughni_duafa_dhahabi:ج1/ص301 | duafa_uqayli:ج2/ص197
عبد الله بن حكيم,عبد الله بن حكيم,3,3,biography/ṭabaqāt; general/jarḥ+taʿdīl; jarḥ (ḍuʿafāʾ),duafa_uqayli; lisan_mizan_ibnhajar; tabaqat_ibnsad,tabaqat_ibnsad:ج6/ص57 | duafa_uqayli:ج2/ص242
عبد الله بن واقد,عبد الله بن واقد,3,3,biography/ṭabaqāt; general/jarḥ+taʿdīl; jarḥ (ḍuʿafāʾ),duafa_uqayli; lisan_mizan_ibnhajar; tabaqat_ibnsad,tabaqat_ibnsad:ج7/ص457 | duafa_uqayli:ج2/ص312
عبد الرحمن بن أبي قيس,عبد الرحمن بن ابي قيس,3,3,general; general/jarḥ+taʿdīl; jarḥ (ḍuʿafāʾ),duafa_uqayli; lisan_mizan_ibnhajar; tarikh_kabir_bukhari,duafa_uqayli:ج2/ص343
عبد العزيز بن حكيم الحضرمي,عبد العزيز بن حكيم الحضرمي,3,3,biography/ṭabaqāt; general/jarḥ+taʿdīl; jarḥ (ḍuʿafāʾ),duafa_uqayli; lisan_mizan_ibnhajar; tabaqat_ibnsad,duafa_uqayli:ج3/ص14
علي بن عبد الحميد,علي بن عبد الحميد,3,3,biography/ṭabaqāt; general; general/jarḥ+taʿdīl,lisan_mizan_ibnhajar; tabaqat_ibnsad; tarikh_kabir_bukhari,
عمر بن سعيد,عمر بن سعيد,3,3,biography/ṭabaqāt; general; general/jarḥ+taʿdīl,lisan_mizan_ibnhajar; tabaqat_ibnsad; tarikh_kabir_bukhari,tabaqat_ibnsad:ج8/ص47
عمر بن الوليد الشني,عمر بن الوليد الشني,3,3,general; general/jarḥ+taʿdīl; jarḥ (ḍuʿafāʾ),duafa_uqayli; lisan_mizan_ibnhajar; tarikh_kabir_bukhari,
ليث بن محمد الموقري,ليث بن محمد الموقري,3,3,general/jarḥ+taʿdīl; jarḥ (ḍuʿafāʾ),duafa_ibnjawzi; lisan_mizan_ibnhajar; mughni_duafa_dhahabi,
محمد بن الحجاج المصفر,محمد بن الحجاج المصفر,3,3,biography/ṭabaqāt; general/jarḥ+taʿdīl; jarḥ (ḍuʿafāʾ),duafa_uqayli; lisan_mizan_ibnhajar; tabaqat_ibnsad,
محمد بن عثمان,محمد بن عثمان,3,3,biography/ṭabaqāt; general; general/jarḥ+taʿdīl,lisan_mizan_ibnhajar; tabaqat_ibnsad; tarikh_kabir_bukhari,tabaqat_ibnsad:ج8/ص61
محمد بن القاسم,محمد بن القاسم,3,3,biography/ṭabaqāt; general; general/jarḥ+taʿdīl,lisan_mizan_ibnhajar; tabaqat_ibnsad; tarikh_kabir_bukhari,
محمد بن النعمان,محمد بن النعمان,3,3,biography/ṭabaqāt; general/jarḥ+taʿdīl; jarḥ (ḍuʿafāʾ),duafa_uqayli; lisan_mizan_ibnhajar; tabaqat_ibnsad,tabaqat_ibnsad:ج7/ص264 | duafa_uqayli:ج4/ص146
يحيى بن عبد الرحمن,يحيي بن عبد الرحمن,3,3,biography/ṭabaqāt; general; general/jarḥ+taʿdīl,lisan_mizan_ibnhajar; tabaqat_ibnsad; tarikh_kabir_bukhari,tabaqat_ibnsad:ج7/ص247
يحيى بن عثمان,يحيي بن عثمان,3,3,biography/ṭabaqāt; general/jarḥ+taʿdīl; jarḥ (ḍuʿafāʾ),duafa_uqayli; lisan_mizan_ibnhajar; tabaqat_ibnsad,duafa_uqayli:ج4/ص418
يعقوب بن عبد الله,يعقوب بن عبد الله,3,3,biography/ṭabaqāt; general; general/jarḥ+taʿdīl,lisan_mizan_ibnhajar; tabaqat_ibnsad; tarikh_kabir_bukhari,tabaqat_ibnsad:ج7/ص505
أبان بن أبي عياش,ابان بن ابي عياش,3,3,biography/ṭabaqāt; general/jarḥ+taʿdīl; jarḥ (ḍuʿafāʾ),duafa_uqayli; lisan_mizan_ibnhajar; tabaqat_ibnsad,lisan_mizan_ibnhajar:ج9/ص248 | tabaqat_ibnsad:ج9/ص253 | duafa_uqayli:ج1/ص38
صالح بن أبي الأخضر,صالح بن ابي الاخضر,3,3,biography/ṭabaqāt; general/jarḥ+taʿdīl; jarḥ (ḍuʿafāʾ),lisan_mizan_ibnhajar; mughni_duafa_dhahabi; tabaqat_ibnsad,lisan_mizan_ibnhajar:ج9/ص324 | tabaqat_ibnsad:ج9/ص272
عثمان بن إسحاق,عثمان بن اسحاق,3,3,biography/ṭabaqāt; general; general/jarḥ+taʿdīl,lisan_mizan_ibnhajar; tabaqat_ibnsad; tarikh_kabir_bukhari,lisan_mizan_ibnhajar:ج9/ص368 | tarikh_kabir_bukhari:ج6/ص212 | tabaqat_ibnsad:ج7/ص239
علي بن بذيمة,علي بن بذيمه,3,3,biography/ṭabaqāt; general/jarḥ+taʿdīl; jarḥ (ḍuʿafāʾ),duafa_uqayli; lisan_mizan_ibnhajar; tabaqat_ibnsad,lisan_mizan_ibnhajar:ج9/ص374 | tabaqat_ibnsad:ج9/ص486 | duafa_uqayli:ج3/ص227
القاسم بن محمد,القاسم بن محمد,3,3,biography/ṭabaqāt; general; general/jarḥ+taʿdīl,lisan_mizan_ibnhajar; tabaqat_ibnsad; tarikh_kabir_bukhari,lisan_mizan_ibnhajar:ج9/ص394 | tabaqat_ibnsad:ج7/ص186
القاسم بن مهران,القاسم بن مهران,3,3,general; general/jarḥ+taʿdīl; jarḥ (ḍuʿafāʾ),duafa_uqayli; lisan_mizan_ibnhajar; tarikh_kabir_bukhari,lisan_mizan_ibnhajar:ج9/ص394 | duafa_uqayli:ج3/ص474
محمد بن عقبة,محمد بن عقبه,3,3,biography/ṭabaqāt; general; general/jarḥ+taʿdīl,lisan_mizan_ibnhajar; tabaqat_ibnsad; tarikh_kabir_bukhari,lisan_mizan_ibnhajar:ج9/ص412 | tabaqat_ibnsad:ج7/ص520
عمران بن مسلم,عمران بن مسلم,3,3,biography/ṭabaqāt; general; jarḥ (ḍuʿafāʾ),duafa_uqayli; tabaqat_ibnsad; tarikh_kabir_bukhari,duafa_uqayli:ج3/ص304
يزيد بن أبان الرقاشي,يزيد بن ابان الرقاشي,3,3,biography/ṭabaqāt; general; jarḥ (ḍuʿafāʾ),duafa_uqayli; tabaqat_ibnsad; tarikh_kabir_bukhari,
إبراهيم بن إسماعيل بن يحيى بن سلمة بن,ابراهيم بن اسماعيل بن يحيي بن سلمه بن,3,3,general (six-books); jarḥ (ḍuʿafāʾ),duafa_ibnjawzi; kashif_dhahabi; mughni_duafa_dhahabi,
بحر بن مرار بن عبد الرحمن بن أبي,بحر بن مرار بن عبد الرحمن بن ابي,3,3,general (six-books); jarḥ (ḍuʿafāʾ),duafa_ibnjawzi; kashif_dhahabi; mughni_duafa_dhahabi,
خالد بن يزيد بن عبد الرحمن بن أبي,خالد بن يزيد بن عبد الرحمن بن ابي,3,3,general (six-books); jarḥ (ḍuʿafāʾ),duafa_ibnjawzi; kashif_dhahabi; mughni_duafa_dhahabi,
عامر بن صالح بن عبد الله بن عروة,عامر بن صالح بن عبد الله بن عروه,3,3,general (six-books); jarḥ (ḍuʿafāʾ),duafa_ibnjawzi; kashif_dhahabi; mughni_duafa_dhahabi,
عبد الله بن الحسين بن عطاء بن يسار,عبد الله بن الحسين بن عطا بن يسار,3,3,general (six-books); jarḥ (ḍuʿafāʾ),duafa_ibnjawzi; kashif_dhahabi; mughni_duafa_dhahabi,
عبد المجيد بن عبد العزيز بن أبي رواد,عبد المجيد بن عبد العزيز بن ابي رواد,3,3,general (six-books); jarḥ (ḍuʿafāʾ); marāsīl/connection,duafa_ibnjawzi; jami_tahsil_alai; kashif_dhahabi,jami_tahsil_alai:ج1/ص107
عبيد الله بن عبد المجيد أبو علي الحنفي,عبيد الله بن عبد المجيد ابو علي الحنفي,3,3,general (six-books); jarḥ (ḍuʿafāʾ),duafa_ibnjawzi; duafa_uqayli; kashif_dhahabi,kashif_dhahabi:ج1/ص683 | duafa_uqayli:ج3/ص123
أبو بكر بن عبد الله بن أبي مريم,ابو بكر بن عبد الله بن ابي مريم,3,3,biography/ṭabaqāt; general (six-books); jarḥ (ḍuʿafāʾ),duafa_ibnjawzi; kashif_dhahabi; tabaqat_ibnsad,tabaqat_ibnsad:ج9/ص472
سلم بن ميمون الخواص,سلم بن ميمون الخواص,3,3,biography; jarḥ (ḍuʿafāʾ),duafa_uqayli; mughni_duafa_dhahabi; siyar_dhahabi,siyar_dhahabi:ج8/ص179 | duafa_uqayli:ج2/ص165
عبد الله بن بريدة بن الحصيب الأسلمي,عبد الله بن بريده بن الحصيب الاسلمي,3,3,biography; biography/ṭabaqāt; jarḥ (ḍuʿafāʾ),duafa_uqayli; siyar_dhahabi; tabaqat_ibnsad,siyar_dhahabi:ج5/ص50 | tabaqat_ibnsad:ج9/ص220
عبد الله بن عمرو,عبد الله بن عمرو,2,9,biography/ṭabaqāt; general,tabaqat_ibnsad; tarikh_kabir_bukhari,tarikh_kabir_bukhari:ج5/ص151 | tabaqat_ibnsad:ج2/ص321 | tabaqat_ibnsad:ج3/ص572 | tabaqat_ibnsad:ج4/ص369 | tabaqat_ibnsad:ج6/ص104 | tabaqat_ibnsad:ج7/ص67 | tabaqat_ibnsad:ج7/ص397 | tabaqat_ibnsad:ج8/ص43
عبد الله بن قيس,عبد الله بن قيس,2,7,biography/ṭabaqāt; general/jarḥ+taʿdīl,lisan_mizan_ibnhajar; tabaqat_ibnsad,tabaqat_ibnsad:ج3/ص459 | tabaqat_ibnsad:ج4/ص328 | tabaqat_ibnsad:ج6/ص43 | tabaqat_ibnsad:ج7/ص236
عبد الله بن محمد,عبد الله بن محمد,2,7,biography/ṭabaqāt; general,tabaqat_ibnsad; tarikh_kabir_bukhari,tarikh_kabir_bukhari:ج5/ص186 | tabaqat_ibnsad:ج7/ص193 | tabaqat_ibnsad:ج7/ص193 | tabaqat_ibnsad:ج7/ص321 | tabaqat_ibnsad:ج7/ص481 | tabaqat_ibnsad:ج7/ص613
عبد الله بن عبد الله,عبد الله بن عبد الله,2,6,biography/ṭabaqāt; general/jarḥ+taʿdīl,lisan_mizan_ibnhajar; tabaqat_ibnsad,tabaqat_ibnsad:ج3/ص500 | tabaqat_ibnsad:ج7/ص200 | tabaqat_ibnsad:ج7/ص311 | tabaqat_ibnsad:ج7/ص494
عبد الرحمن بن محمد,عبد الرحمن بن محمد,2,6,biography/ṭabaqāt; general/jarḥ+taʿdīl,lisan_mizan_ibnhajar; tabaqat_ibnsad,lisan_mizan_ibnhajar:ج5/ص126 | tabaqat_ibnsad:ج7/ص585
عبد العزيز بن عبد الله,عبد العزيز بن عبد الله,2,5,biography/ṭabaqāt; general/jarḥ+taʿdīl,lisan_mizan_ibnhajar; tabaqat_ibnsad,tabaqat_ibnsad:ج7/ص456 | tabaqat_ibnsad:ج7/ص593 | tabaqat_ibnsad:ج7/ص617 | tabaqat_ibnsad:ج9/ص325
يحيى بن عبد الله,يحيي بن عبد الله,2,5,biography/ṭabaqāt; general/jarḥ+taʿdīl,lisan_mizan_ibnhajar; tabaqat_ibnsad,tabaqat_ibnsad:ج7/ص541 | tabaqat_ibnsad:ج7/ص556 | tabaqat_ibnsad:ج8/ص49
إبراهيم بن البراء,ابراهيم بن البرا,2,4,general/jarḥ+taʿdīl; jarḥ (ḍuʿafāʾ),lisan_mizan_ibnhajar; mughni_duafa_dhahabi,mughni_duafa_dhahabi:ج1/ص10
إسحاق بن خالد,اسحاق بن خالد,2,4,general/jarḥ+taʿdīl; jarḥ (ḍuʿafāʾ),lisan_mizan_ibnhajar; mughni_duafa_dhahabi,
إسحاق بن عبد الله,اسحاق بن عبد الله,2,4,biography/ṭabaqāt; general/jarḥ+taʿdīl,lisan_mizan_ibnhajar; tabaqat_ibnsad,tabaqat_ibnsad:ج7/ص312 | tabaqat_ibnsad:ج7/ص494 | tabaqat_ibnsad:ج7/ص523
إسماعيل بن إبراهيم,اسماعيل بن ابراهيم,2,4,biography/ṭabaqāt; general/jarḥ+taʿdīl,lisan_mizan_ibnhajar; tabaqat_ibnsad,tabaqat_ibnsad:ج7/ص597 | tabaqat_ibnsad:ج8/ص506
الحارث بن قيس,الحارث بن قيس,2,4,biography/ṭabaqāt; general/jarḥ+taʿdīl,lisan_mizan_ibnhajar; tabaqat_ibnsad,tabaqat_ibnsad:ج3/ص547 | tabaqat_ibnsad:ج3/ص575 | tabaqat_ibnsad:ج8/ص287
حميد بن عبد الرحمن,حميد بن عبد الرحمن,2,4,biography/ṭabaqāt; general/jarḥ+taʿdīl,lisan_mizan_ibnhajar; tabaqat_ibnsad,tabaqat_ibnsad:ج7/ص152
داود بن سليمان,داود بن سليمان,2,4,general; general/jarḥ+taʿdīl,lisan_mizan_ibnhajar; tarikh_kabir_bukhari,
سعيد بن حريث,سعيد بن حريث,2,4,biography/ṭabaqāt; general/jarḥ+taʿdīl,lisan_mizan_ibnhajar; tabaqat_ibnsad,tabaqat_ibnsad:ج5/ص46 | tabaqat_ibnsad:ج6/ص536 | tabaqat_ibnsad:ج8/ص145
سعيد بن عبد الرحمن,سعيد بن عبد الرحمن,2,4,biography/ṭabaqāt; general/jarḥ+taʿdīl,lisan_mizan_ibnhajar; tabaqat_ibnsad,tabaqat_ibnsad:ج7/ص418 | tabaqat_ibnsad:ج7/ص489 | tabaqat_ibnsad:ج7/ص584
سفيان بن زياد,سفيان بن زياد,2,4,general; general/jarḥ+taʿdīl,lisan_mizan_ibnhajar; tarikh_kabir_bukhari,lisan_mizan_ibnhajar:ج4/ص90
• عمر بن صالح,عمر بن صالح,2,4,general/jarḥ+taʿdīl; jarḥ (ḍuʿafāʾ),duafa_uqayli; lisan_mizan_ibnhajar,lisan_mizan_ibnhajar:ج6/ص117 | duafa_uqayli:ج3/ص173
عمرو بن عثمان,عمرو بن عثمان,2,4,biography/ṭabaqāt; general/jarḥ+taʿdīl,lisan_mizan_ibnhajar; tabaqat_ibnsad,tabaqat_ibnsad:ج4/ص120 | tabaqat_ibnsad:ج7/ص149 | tabaqat_ibnsad:ج7/ص557
محمد بن أبان,محمد بن ابان,2,4,biography/ṭabaqāt; general/jarḥ+taʿdīl,lisan_mizan_ibnhajar; tabaqat_ibnsad,tabaqat_ibnsad:ج8/ص507
محمد بن سعد,محمد بن سعد,2,4,biography/ṭabaqāt; general/jarḥ+taʿdīl,lisan_mizan_ibnhajar; tabaqat_ibnsad,tabaqat_ibnsad:ج7/ص165 | tabaqat_ibnsad:ج8/ص341
محمد بن سليمان,محمد بن سليمان,2,4,general; general/jarḥ+taʿdīl,lisan_mizan_ibnhajar; tarikh_kabir_bukhari,
محمد بن سليم,محمد بن سليم,2,4,biography/ṭabaqāt; general/jarḥ+taʿdīl,lisan_mizan_ibnhajar; tabaqat_ibnsad,tabaqat_ibnsad:ج9/ص359
محمد بن عمر,محمد بن عمر,2,4,biography/ṭabaqāt; general/jarḥ+taʿdīl,lisan_mizan_ibnhajar; tabaqat_ibnsad,tabaqat_ibnsad:ج7/ص323 | tabaqat_ibnsad:ج7/ص473 | tabaqat_ibnsad:ج7/ص603
ضرار بن الخطاب,ضرار بن الخطاب,2,4,biography/ṭabaqāt; general,tabaqat_ibnsad; tarikh_kabir_bukhari,tabaqat_ibnsad:ج6/ص135 | tabaqat_ibnsad:ج8/ص16 | tabaqat_ibnsad:ج9/ص411
عبد الله بن عثمان,عبد الله بن عثمان,2,4,biography/ṭabaqāt; general,tabaqat_ibnsad; tarikh_kabir_bukhari,tabaqat_ibnsad:ج5/ص392 | tabaqat_ibnsad:ج8/ص49 | tabaqat_ibnsad:ج8/ص56
عبد الله بن عامر,عبد الله بن عامر,2,4,biography/ṭabaqāt; general,tabaqat_ibnsad; tarikh_kabir_bukhari,tabaqat_ibnsad:ج7/ص9 | tabaqat_ibnsad:ج7/ص47 | tabaqat_ibnsad:ج7/ص557
عمر بن حفص,عمر بن حفص,2,4,biography/ṭabaqāt; general,tabaqat_ibnsad; tarikh_kabir_bukhari,tabaqat_ibnsad:ج7/ص459 | tabaqat_ibnsad:ج8/ص538 | tabaqat_ibnsad:ج9/ص346
عمرو بن الحارث,عمرو بن الحارث,2,4,biography/ṭabaqāt; general,tabaqat_ibnsad; tarikh_kabir_bukhari,tabaqat_ibnsad:ج4/ص199
عمرو بن سعيد,عمرو بن سعيد,2,4,biography/ṭabaqāt; general,tabaqat_ibnsad; tarikh_kabir_bukhari,tabaqat_ibnsad:ج4/ص94 | tabaqat_ibnsad:ج7/ص234
يوسف بن يعقوب,يوسف بن يعقوب,2,4,biography/ṭabaqāt; general,tabaqat_ibnsad; tarikh_kabir_bukhari,tabaqat_ibnsad:ج7/ص593 | tabaqat_ibnsad:ج8/ص106
إبراهيم بن حيان,ابراهيم بن حيان,2,3,general/jarḥ+taʿdīl; jarḥ (ḍuʿafāʾ),lisan_mizan_ibnhajar; mughni_duafa_dhahabi,
إسماعيل بن عبد الرحمن,اسماعيل بن عبد الرحمن,2,3,biography/ṭabaqāt; general/jarḥ+taʿdīl,lisan_mizan_ibnhajar; tabaqat_ibnsad,tabaqat_ibnsad:ج7/ص422 | tabaqat_ibnsad:ج8/ص441
الحارث بن سعيد,الحارث بن سعيد,2,3,biography/ṭabaqāt; general/jarḥ+taʿdīl,lisan_mizan_ibnhajar; tabaqat_ibnsad,tabaqat_ibnsad:ج6/ص246
الحسن بن شبل,الحسن بن شبل,2,3,general/jarḥ+taʿdīl; jarḥ (ḍuʿafāʾ),lisan_mizan_ibnhajar; mughni_duafa_dhahabi,
الحسين بن عبد الرحمن,الحسين بن عبد الرحمن,2,3,general/jarḥ+taʿdīl; jarḥ (ḍuʿafāʾ),lisan_mizan_ibnhajar; mughni_duafa_dhahabi,lisan_mizan_ibnhajar:ج9/ص283
خالد بن إسماعيل,خالد بن اسماعيل,2,3,general/jarḥ+taʿdīl; jarḥ (ḍuʿafāʾ),lisan_mizan_ibnhajar; mughni_duafa_dhahabi,
خثيم بن مروان,خثيم بن مروان,2,3,general; general/jarḥ+taʿdīl,lisan_mizan_ibnhajar; tarikh_kabir_bukhari,
وداود بن إبراهيم,وداود بن ابراهيم,2,3,general/jarḥ+taʿdīl; jarḥ (ḍuʿafāʾ),lisan_mizan_ibnhajar; mughni_duafa_dhahabi,mughni_duafa_dhahabi:ج1/ص216
زياد بن الحارث,زياد بن الحارث,2,3,biography/ṭabaqāt; general/jarḥ+taʿdīl,lisan_mizan_ibnhajar; tabaqat_ibnsad,tabaqat_ibnsad:ج9/ص508
سعيد بن عبد الله,سعيد بن عبد الله,2,3,general; general/jarḥ+taʿdīl,lisan_mizan_ibnhajar; tarikh_kabir_bukhari,
سعيد بن عمرو,سعيد بن عمرو,2,3,biography/ṭabaqāt; general/jarḥ+taʿdīl,lisan_mizan_ibnhajar; tabaqat_ibnsad,tabaqat_ibnsad:ج7/ص500 | tabaqat_ibnsad:ج8/ص540
سلمة بن حفص,سلمه بن حفص,2,3,general/jarḥ+taʿdīl; jarḥ (ḍuʿafāʾ),lisan_mizan_ibnhajar; mughni_duafa_dhahabi,mughni_duafa_dhahabi:ج1/ص274
سنان بن أبي سنان,سنان بن ابي سنان,2,3,biography/ṭabaqāt; general/jarḥ+taʿdīl,lisan_mizan_ibnhajar; tabaqat_ibnsad,tabaqat_ibnsad:ج3/ص88 | tabaqat_ibnsad:ج7/ص246
شعيب بن عبد الله,شعيب بن عبد الله,2,3,general/jarḥ+taʿdīl; tadlīs,lisan_mizan_ibnhajar; tabaqat_mudallisin_ibnhajar,tabaqat_mudallisin_ibnhajar:ج0/ص38
• صالح بن محمد,صالح بن محمد,2,3,biography/ṭabaqāt; general/jarḥ+taʿdīl,lisan_mizan_ibnhajar; tabaqat_ibnsad,lisan_mizan_ibnhajar:ج4/ص297 | tabaqat_ibnsad:ج7/ص521
عبد الله بن أبي أمية,عبد الله بن ابي اميه,2,3,biography/ṭabaqāt; general/jarḥ+taʿdīl,lisan_mizan_ibnhajar; tabaqat_ibnsad,tabaqat_ibnsad:ج5/ص45 | tabaqat_ibnsad:ج5/ص106
عبد الله بن ثابت,عبد الله بن ثابت,2,3,biography/ṭabaqāt; general/jarḥ+taʿdīl,lisan_mizan_ibnhajar; tabaqat_ibnsad,tabaqat_ibnsad:ج4/ص300
عبد الله بن الزبير,عبد الله بن الزبير,2,3,biography/ṭabaqāt; general/jarḥ+taʿdīl,lisan_mizan_ibnhajar; tabaqat_ibnsad,tabaqat_ibnsad:ج8/ص63
عبد الله بن شداد,عبد الله بن شداد,2,3,biography/ṭabaqāt; general/jarḥ+taʿdīl,lisan_mizan_ibnhajar; tabaqat_ibnsad,tabaqat_ibnsad:ج7/ص64 | tabaqat_ibnsad:ج8/ص246
عبد الله بن عبد العزيز,عبد الله بن عبد العزيز,2,3,biography/ṭabaqāt; general/jarḥ+taʿdīl,lisan_mizan_ibnhajar; tabaqat_ibnsad,tabaqat_ibnsad:ج7/ص613
عبد الله بن عمران,عبد الله بن عمران,2,3,general; general/jarḥ+taʿdīl,lisan_mizan_ibnhajar; tarikh_kabir_bukhari,tarikh_kabir_bukhari:ج5/ص160
عبد الله بن المبارك,عبد الله بن المبارك,2,3,biography/ṭabaqāt; general/jarḥ+taʿdīl,lisan_mizan_ibnhajar; tabaqat_ibnsad,tabaqat_ibnsad:ج9/ص376
عبد الله بن هلال,عبد الله بن هلال,2,3,general; general/jarḥ+taʿdīl,lisan_mizan_ibnhajar; tarikh_kabir_bukhari,
عبد الرحيم بن حماد,عبد الرحيم بن حماد,2,3,general/jarḥ+taʿdīl; jarḥ (ḍuʿafāʾ),duafa_uqayli; lisan_mizan_ibnhajar,duafa_uqayli:ج3/ص81
عزرة بن قيس,عزره بن قيس,2,3,biography/ṭabaqāt; general/jarḥ+taʿdīl,lisan_mizan_ibnhajar; tabaqat_ibnsad,tabaqat_ibnsad:ج8/ص332
عمرو بن محمد,عمرو بن محمد,2,3,biography/ṭabaqāt; general/jarḥ+taʿdīl,lisan_mizan_ibnhajar; tabaqat_ibnsad,
عيسى بن سليم,عيسي بن سليم,2,3,general/jarḥ+taʿdīl; jarḥ (ḍuʿafāʾ),duafa_uqayli; lisan_mizan_ibnhajar,duafa_uqayli:ج3/ص382
محمد بن إسحاق,محمد بن اسحاق,2,3,biography/ṭabaqāt; general/jarḥ+taʿdīl,lisan_mizan_ibnhajar; tabaqat_ibnsad,tabaqat_ibnsad:ج7/ص552
محمد بن بشر,محمد بن بشر,2,3,biography/ṭabaqāt; general/jarḥ+taʿdīl,lisan_mizan_ibnhajar; tabaqat_ibnsad,
محمد بن أبي بكر,محمد بن ابي بكر,2,3,biography/ṭabaqāt; general/jarḥ+taʿdīl,lisan_mizan_ibnhajar; tabaqat_ibnsad,tabaqat_ibnsad:ج7/ص490
محمد بن الحسن,محمد بن الحسن,2,3,biography/ṭabaqāt; general/jarḥ+taʿdīl,lisan_mizan_ibnhajar; tabaqat_ibnsad,tabaqat_ibnsad:ج9/ص317 | tabaqat_ibnsad:ج9/ص338
محمد بن أبي الزعيزعة,محمد بن ابي الزعيزعه,2,3,general/jarḥ+taʿdīl; jarḥ (ḍuʿafāʾ),duafa_uqayli; lisan_mizan_ibnhajar,duafa_uqayli:ج4/ص67
محمد بن سلمة,محمد بن سلمه,2,3,biography/ṭabaqāt; general/jarḥ+taʿdīl,lisan_mizan_ibnhajar; tabaqat_ibnsad,tabaqat_ibnsad:ج9/ص491
محمد بن عباد,محمد بن عباد,2,3,biography/ṭabaqāt; general/jarḥ+taʿdīl,lisan_mizan_ibnhajar; tabaqat_ibnsad,tabaqat_ibnsad:ج8/ص36
محمد بن عبد الله الكناني,محمد بن عبد الله الكناني,2,3,general; general/jarḥ+taʿdīl,lisan_mizan_ibnhajar; tarikh_kabir_bukhari,
محمد بن علي,محمد بن علي,2,3,biography/ṭabaqāt; general/jarḥ+taʿdīl,lisan_mizan_ibnhajar; tabaqat_ibnsad,tabaqat_ibnsad:ج7/ص470
محمد بن قيس,محمد بن قيس,2,3,biography/ṭabaqāt; general/jarḥ+taʿdīl,lisan_mizan_ibnhajar; tabaqat_ibnsad,tabaqat_ibnsad:ج7/ص511
مسلم بن عبد الله,مسلم بن عبد الله,2,3,general/jarḥ+taʿdīl; jarḥ (ḍuʿafāʾ),duafa_uqayli; lisan_mizan_ibnhajar,duafa_uqayli:ج4/ص152
معاوية بن عبد الله,معاويه بن عبد الله,2,3,biography/ṭabaqāt; general/jarḥ+taʿdīl,lisan_mizan_ibnhajar; tabaqat_ibnsad,tabaqat_ibnsad:ج7/ص323 | tabaqat_ibnsad:ج7/ص421
يزيد بن زمعة,يزيد بن زمعه,2,3,biography/ṭabaqāt; general/jarḥ+taʿdīl,lisan_mizan_ibnhajar; tabaqat_ibnsad,tabaqat_ibnsad:ج4/ص113 | tabaqat_ibnsad:ج6/ص59
يزيد بن أبي زياد. </span>,يزيد بن ابي زياد,2,3,biography/ṭabaqāt; general/jarḥ+taʿdīl,lisan_mizan_ibnhajar; tabaqat_ibnsad,
يعقوب بن محمد,يعقوب بن محمد,2,3,biography/ṭabaqāt; general/jarḥ+taʿdīl,lisan_mizan_ibnhajar; tabaqat_ibnsad,tabaqat_ibnsad:ج7/ص568 | tabaqat_ibnsad:ج7/ص619
عبد الرحمن بن أبي بكر,عبد الرحمن بن ابي بكر,2,3,biography/ṭabaqāt; general/jarḥ+taʿdīl,lisan_mizan_ibnhajar; tabaqat_ibnsad,lisan_mizan_ibnhajar:ج9/ص352 | tabaqat_ibnsad:ج7/ص449 | tabaqat_ibnsad:ج8/ص57
محمد بن عبيد الله,محمد بن عبيد الله,2,3,biography/ṭabaqāt; general,tabaqat_ibnsad; tarikh_kabir_bukhari,tabaqat_ibnsad:ج7/ص619 | tabaqat_ibnsad:ج8/ص488
حمزة بن عبد الله,حمزه بن عبد الله,2,3,biography/ṭabaqāt; general,tabaqat_ibnsad; tarikh_kabir_bukhari,tabaqat_ibnsad:ج7/ص201 | tabaqat_ibnsad:ج7/ص405
عبد الله بن رافع,عبد الله بن رافع,2,3,biography/ṭabaqāt; general,tabaqat_ibnsad; tarikh_kabir_bukhari,tabaqat_ibnsad:ج7/ص252 | tabaqat_ibnsad:ج7/ص293
عبد الله بن علي,عبد الله بن علي,2,3,biography/ṭabaqāt; general,tabaqat_ibnsad; tarikh_kabir_bukhari,tabaqat_ibnsad:ج7/ص318 | tabaqat_ibnsad:ج7/ص503
عبد الرحمن بن يزيد,عبد الرحمن بن يزيد,2,3,biography/ṭabaqāt; general,tabaqat_ibnsad; tarikh_kabir_bukhari,tabaqat_ibnsad:ج7/ص86 | tabaqat_ibnsad:ج8/ص242
عبيد بن عمرو,عبيد بن عمرو,2,3,biography/ṭabaqāt; general,tabaqat_ibnsad; tarikh_kabir_bukhari,tabaqat_ibnsad:ج4/ص403 | tabaqat_ibnsad:ج8/ص342
عثمان بن عبد الله,عثمان بن عبد الله,2,3,biography/ṭabaqāt; general,tabaqat_ibnsad; tarikh_kabir_bukhari,tabaqat_ibnsad:ج7/ص240 | tabaqat_ibnsad:ج7/ص568
قيس بن عبد,قيس بن عبد,2,3,biography/ṭabaqāt; general,tabaqat_ibnsad; tarikh_kabir_bukhari,
واقد بن عبد الله,واقد بن عبد الله,2,3,biography/ṭabaqāt; general,tabaqat_ibnsad; tarikh_kabir_bukhari,tabaqat_ibnsad:ج3/ص362 | tabaqat_ibnsad:ج7/ص202
يزيد بن قيس,يزيد بن قيس,2,3,biography/ṭabaqāt; general,tabaqat_ibnsad; tarikh_kabir_bukhari,tabaqat_ibnsad:ج6/ص258
عبد الله بن محمد بن عبد الله بن,عبد الله بن محمد بن عبد الله بن,2,3,general (six-books); jarḥ (ḍuʿafāʾ),duafa_ibnjawzi; kashif_dhahabi,
أحمد بن عبد الله,احمد بن عبد الله,2,3,biography/ṭabaqāt; jarḥ (ḍuʿafāʾ),mughni_duafa_dhahabi; tabaqat_ibnsad,tabaqat_ibnsad:ج8/ص529
صديق بن موسى,صديق بن موسي,2,3,biography/ṭabaqāt; jarḥ (ḍuʿafāʾ),mughni_duafa_dhahabi; tabaqat_ibnsad,tabaqat_ibnsad:ج7/ص483 | tabaqat_ibnsad:ج8/ص46
أبو أمامة الباهلي,ابو امامه الباهلي,2,3,biography; biography/ṭabaqāt,siyar_dhahabi; tabaqat_ibnsad,siyar_dhahabi:ج3/ص359 | tabaqat_ibnsad:ج6/ص211 | tabaqat_ibnsad:ج9/ص415
العرباض بن سارية السلمي,العرباض بن ساريه السلمي,2,3,biography; biography/ṭabaqāt,siyar_dhahabi; tabaqat_ibnsad,siyar_dhahabi:ج3/ص419 | tabaqat_ibnsad:ج5/ص165
سعيد بن زيد,سعيد بن زيد,2,3,biography/ṭabaqāt; jarḥ (ḍuʿafāʾ),duafa_uqayli; tabaqat_ibnsad,tabaqat_ibnsad:ج3/ص352 | tabaqat_ibnsad:ج8/ص135
الحارث بن النعمان,الحارث بن النعمان,2,3,biography/ṭabaqāt; jarḥ (ḍuʿafāʾ),duafa_uqayli; tabaqat_ibnsad,tabaqat_ibnsad:ج3/ص443 | tabaqat_ibnsad:ج4/ص320 | duafa_uqayli:ج1/ص214
عبد الرحمن بن أبي الزناد,عبد الرحمن بن ابي الزناد,2,3,biography/ṭabaqāt; jarḥ (ḍuʿafāʾ),duafa_uqayli; tabaqat_ibnsad,tabaqat_ibnsad:ج7/ص594 | tabaqat_ibnsad:ج9/ص326
إبراهيم بن خثيم (1) بن عراك بن مالك,ابراهيم بن خثيم بن عراك بن مالك,2,2,ikhtilāṭ,ightibat_sibt_ibnajami; kawakib_nayyirat,kawakib_nayyirat:ج1/ص105
جرير بن عبد الحميد الضبي,جرير بن عبد الحميد الضبي,2,2,ikhtilāṭ; jarḥ (ḍuʿafāʾ),duafa_uqayli; kawakib_nayyirat,kawakib_nayyirat:ج1/ص121
خالد بن طهمان أبو العلاء الخفاف,خالد بن طهمان ابو العلا الخفاف,2,2,ikhtilāṭ; jarḥ (ḍuʿafāʾ),duafa_uqayli; kawakib_nayyirat,kawakib_nayyirat:ج1/ص149
سعيد بن سفيان الأندلسي,سعيد بن سفيان الاندلسي,2,2,ikhtilāṭ,ightibat_sibt_ibnajami; kawakib_nayyirat,kawakib_nayyirat:ج1/ص249
فطر بن حماد بن واقد بصري,فطر بن حماد بن واقد بصري,2,2,ikhtilāṭ,ightibat_sibt_ibnajami; kawakib_nayyirat,
محمد بن أحمد بن الحسن الجرجاني,محمد بن احمد بن الحسن الجرجاني,2,2,ikhtilāṭ,ightibat_sibt_ibnajami; kawakib_nayyirat,kawakib_nayyirat:ج1/ص410
محمد بن الفضل بن محمد بن إسحاق بن خزيمة,محمد بن الفضل بن محمد بن اسحاق بن خزيمه,2,2,general/jarḥ+taʿdīl; ikhtilāṭ,kawakib_nayyirat; lisan_mizan_ibnhajar,kawakib_nayyirat:ج1/ص411
محمد بن مبارك بن مشق البغدادي,محمد بن مبارك بن مشق البغدادي,2,2,ikhtilāṭ,ightibat_sibt_ibnajami; kawakib_nayyirat,kawakib_nayyirat:ج1/ص413
محمد بن سعيد بن نبهان الكاتب,محمد بن سعيد بن نبهان الكاتب,2,2,ikhtilāṭ,ightibat_sibt_ibnajami; kawakib_nayyirat,kawakib_nayyirat:ج1/ص419
إسحاق بن محمد بن إسماعيل بن عبد الله,اسحاق بن محمد بن اسماعيل بن عبد الله,2,2,general (six-books); ikhtilāṭ,kashif_dhahabi; kawakib_nayyirat,kawakib_nayyirat:ج1/ص453 | kashif_dhahabi:ج1/ص238
عكرمة بن عمار,عكرمه بن عمار,2,2,biography/ṭabaqāt; ikhtilāṭ,kawakib_nayyirat; tabaqat_ibnsad,kawakib_nayyirat:ج1/ص491 | tabaqat_ibnsad:ج8/ص116
أبان بن عبد الله,ابان بن عبد الله,2,2,biography/ṭabaqāt; general/jarḥ+taʿdīl,lisan_mizan_ibnhajar; tabaqat_ibnsad,tabaqat_ibnsad:ج8/ص474
أبان بن المحبر,ابان بن المحبر,2,2,general/jarḥ+taʿdīl; jarḥ (ḍuʿafāʾ),duafa_ibnjawzi; lisan_mizan_ibnhajar,
إبراهيم بن إسماعيل بن بشير,ابراهيم بن اسماعيل بن بشير,2,2,general/jarḥ+taʿdīl; jarḥ (ḍuʿafāʾ),lisan_mizan_ibnhajar; mughni_duafa_dhahabi,
إبراهيم بن إسماعيل المكي,ابراهيم بن اسماعيل المكي,2,2,general/jarḥ+taʿdīl; jarḥ (ḍuʿafāʾ),lisan_mizan_ibnhajar; mughni_duafa_dhahabi,mughni_duafa_dhahabi:ج1/ص9
إبراهيم بن الأشعث خادم الفضيل بن عياض,ابراهيم بن الاشعث خادم الفضيل بن عياض,2,2,general/jarḥ+taʿdīl; jarḥ (ḍuʿafāʾ),lisan_mizan_ibnhajar; mughni_duafa_dhahabi,
إبراهيم بن بشر الأزدي,ابراهيم بن بشر الازدي,2,2,general/jarḥ+taʿdīl; jarḥ (ḍuʿafāʾ),lisan_mizan_ibnhajar; mughni_duafa_dhahabi,
إبراهيم بن بكر الشيباني الأعور,ابراهيم بن بكر الشيباني الاعور,2,2,general/jarḥ+taʿdīl; jarḥ (ḍuʿafāʾ),lisan_mizan_ibnhajar; mughni_duafa_dhahabi,
إبراهيم بن جريج الرهاوي,ابراهيم بن جريج الرهاوي,2,2,general/jarḥ+taʿdīl; jarḥ (ḍuʿafāʾ),duafa_uqayli; lisan_mizan_ibnhajar,duafa_uqayli:ج1/ص51
إبراهيم بن أبي حرة,ابراهيم بن ابي حره,2,2,biography/ṭabaqāt; general/jarḥ+taʿdīl,lisan_mizan_ibnhajar; tabaqat_ibnsad,
• إبراهيم بن حسان,ابراهيم بن حسان,2,2,general/jarḥ+taʿdīl; jarḥ (ḍuʿafāʾ),lisan_mizan_ibnhajar; mughni_duafa_dhahabi,lisan_mizan_ibnhajar:ج1/ص263
إبراهيم بن حفص بن جندب,ابراهيم بن حفص بن جندب,2,2,general/jarḥ+taʿdīl; jarḥ (ḍuʿafāʾ),lisan_mizan_ibnhajar; mughni_duafa_dhahabi,
إبراهيم بن الحكم بن ظهير الكوفي,ابراهيم بن الحكم بن ظهير الكوفي,2,2,general/jarḥ+taʿdīl; jarḥ (ḍuʿafāʾ),lisan_mizan_ibnhajar; mughni_duafa_dhahabi,
إبراهيم بن الخضر الدمشقي,ابراهيم بن الخضر الدمشقي,2,2,general/jarḥ+taʿdīl; jarḥ (ḍuʿafāʾ),lisan_mizan_ibnhajar; mughni_duafa_dhahabi,
إبراهيم بن أبي دليلة,ابراهيم بن ابي دليله,2,2,general/jarḥ+taʿdīl; jarḥ (ḍuʿafāʾ),lisan_mizan_ibnhajar; mughni_duafa_dhahabi,
إبراهيم بن الزبرقان,ابراهيم بن الزبرقان,2,2,general/jarḥ+taʿdīl; jarḥ (ḍuʿafāʾ),lisan_mizan_ibnhajar; mughni_duafa_dhahabi,
إبراهيم بن زرعة,ابراهيم بن زرعه,2,2,general/jarḥ+taʿdīl; jarḥ (ḍuʿafāʾ),lisan_mizan_ibnhajar; mughni_duafa_dhahabi,
إبراهيم بن زياد القرشي,ابراهيم بن زياد القرشي,2,2,general/jarḥ+taʿdīl; jarḥ (ḍuʿafāʾ),duafa_uqayli; lisan_mizan_ibnhajar,duafa_uqayli:ج1/ص53
إبراهيم بن سلام. عن حماد بن أبي سليمان.,ابراهيم بن سلام عن حماد بن ابي سليمان,2,2,general/jarḥ+taʿdīl; jarḥ (ḍuʿafāʾ),lisan_mizan_ibnhajar; mughni_duafa_dhahabi,
إبراهيم بن سليمان البلخي الزيات,ابراهيم بن سليمان البلخي الزيات,2,2,general/jarḥ+taʿdīl; jarḥ (ḍuʿafāʾ),lisan_mizan_ibnhajar; mughni_duafa_dhahabi,
إبراهيم بن عبد الله بن السفرقع,ابراهيم بن عبد الله بن السفرقع,2,2,general/jarḥ+taʿdīl; jarḥ (ḍuʿafāʾ),lisan_mizan_ibnhajar; mughni_duafa_dhahabi,
• إبراهيم بن عبد الرحمن الخوارزمي,ابراهيم بن عبد الرحمن الخوارزمي,2,2,general/jarḥ+taʿdīl; jarḥ (ḍuʿafāʾ),duafa_ibnjawzi; lisan_mizan_ibnhajar,lisan_mizan_ibnhajar:ج1/ص310 | duafa_ibnjawzi:ج1/ص37
إبراهيم بن أبي الليث,ابراهيم بن ابي الليث,2,2,biography/ṭabaqāt; general/jarḥ+taʿdīl,lisan_mizan_ibnhajar; tabaqat_ibnsad,tabaqat_ibnsad:ج9/ص364
إبراهيم بن مالك,ابراهيم بن مالك,2,2,general/jarḥ+taʿdīl; jarḥ (ḍuʿafāʾ),lisan_mizan_ibnhajar; mughni_duafa_dhahabi,
إبراهيم بن محمد بن إبراهيم بن الحارث التيمي,ابراهيم بن محمد بن ابراهيم بن الحارث التيمي,2,2,general/jarḥ+taʿdīl; jarḥ (ḍuʿafāʾ),duafa_ibnjawzi; lisan_mizan_ibnhajar,
إبراهيم بن محمد بن عاصم,ابراهيم بن محمد بن عاصم,2,2,general/jarḥ+taʿdīl; jarḥ (ḍuʿafāʾ),duafa_uqayli; lisan_mizan_ibnhajar,duafa_uqayli:ج1/ص65
إبراهيم بن محمد الهاشمي,ابراهيم بن محمد الهاشمي,2,2,general/jarḥ+taʿdīl; jarḥ (ḍuʿafāʾ),lisan_mizan_ibnhajar; mughni_duafa_dhahabi,
إبراهيم بن محمد بن ميمون,ابراهيم بن محمد بن ميمون,2,2,general/jarḥ+taʿdīl; jarḥ (ḍuʿafāʾ),lisan_mizan_ibnhajar; mughni_duafa_dhahabi,
إبراهيم بن مسعدة,ابراهيم بن مسعده,2,2,general/jarḥ+taʿdīl; jarḥ (ḍuʿafāʾ),lisan_mizan_ibnhajar; mughni_duafa_dhahabi,
إبراهيم بن معاوية الزيادي,ابراهيم بن معاويه الزيادي,2,2,general/jarḥ+taʿdīl; jarḥ (ḍuʿafāʾ),duafa_uqayli; lisan_mizan_ibnhajar,duafa_uqayli:ج1/ص68
إبراهيم بن منقوش الزبيدي,ابراهيم بن منقوش الزبيدي,2,2,general/jarḥ+taʿdīl; jarḥ (ḍuʿafāʾ),lisan_mizan_ibnhajar; mughni_duafa_dhahabi,
إبراهيم بن مهاجر بن مسمار المدني,ابراهيم بن مهاجر بن مسمار المدني,2,2,general/jarḥ+taʿdīl; jarḥ (ḍuʿafāʾ),lisan_mizan_ibnhajar; mughni_duafa_dhahabi,
إبراهيم بن موسى المروزي,ابراهيم بن موسي المروزي,2,2,general/jarḥ+taʿdīl; jarḥ (ḍuʿafāʾ),lisan_mizan_ibnhajar; mughni_duafa_dhahabi,
إبراهيم بن نسطاس,ابراهيم بن نسطاس,2,2,general/jarḥ+taʿdīl; jarḥ (ḍuʿafāʾ),lisan_mizan_ibnhajar; mughni_duafa_dhahabi,
إبراهيم بن هشام بن يحيى بن يحيى الغساني,ابراهيم بن هشام بن يحيي بن يحيي الغساني,2,2,general/jarḥ+taʿdīl; jarḥ (ḍuʿafāʾ),duafa_ibnjawzi; lisan_mizan_ibnhajar,
إبراهيم بن يزيد بن قديد,ابراهيم بن يزيد بن قديد,2,2,general/jarḥ+taʿdīl; jarḥ (ḍuʿafāʾ),duafa_uqayli; lisan_mizan_ibnhajar,duafa_uqayli:ج1/ص72
أبيض بن الأغر,ابيض بن الاغر,2,2,general/jarḥ+taʿdīl; jarḥ (ḍuʿafāʾ),lisan_mizan_ibnhajar; mughni_duafa_dhahabi,
أحمد بن إبراهيم بن حميل,احمد بن ابراهيم بن حميل,2,2,general/jarḥ+taʿdīl; jarḥ (ḍuʿafāʾ),lisan_mizan_ibnhajar; mughni_duafa_dhahabi,
أحمد بن أحمد بن أحمد بن البندنيجي المحدث,احمد بن احمد بن احمد بن البندنيجي المحدث,2,2,general/jarḥ+taʿdīl; jarḥ (ḍuʿafāʾ),lisan_mizan_ibnhajar; mughni_duafa_dhahabi,mughni_duafa_dhahabi:ج1/ص33
أحمد بن أسد,احمد بن اسد,2,2,biography/ṭabaqāt; general/jarḥ+taʿdīl,lisan_mizan_ibnhajar; tabaqat_ibnsad,
أحمد بن ثابت الطرقي الحافظ,احمد بن ثابت الطرقي الحافظ,2,2,general/jarḥ+taʿdīl; jarḥ (ḍuʿafāʾ),lisan_mizan_ibnhajar; mughni_duafa_dhahabi,
أحمد بن الحارث بن مسكين المصري,احمد بن الحارث بن مسكين المصري,2,2,general/jarḥ+taʿdīl; jarḥ (ḍuʿafāʾ),lisan_mizan_ibnhajar; mughni_duafa_dhahabi,
أحمد بن حامد أبو سلمة السمرقندي,احمد بن حامد ابو سلمه السمرقندي,2,2,general/jarḥ+taʿdīl; jarḥ (ḍuʿafāʾ),lisan_mizan_ibnhajar; mughni_duafa_dhahabi,
أحمد بن حرب النيسابوري الزاهد,احمد بن حرب النيسابوري الزاهد,2,2,general/jarḥ+taʿdīl; jarḥ (ḍuʿafāʾ),lisan_mizan_ibnhajar; mughni_duafa_dhahabi,
أحمد بن الحسن بن علي المقرىء دبيس,احمد بن الحسن بن علي المقري دبيس,2,2,general/jarḥ+taʿdīl; jarḥ (ḍuʿafāʾ),lisan_mizan_ibnhajar; mughni_duafa_dhahabi,
أحمد بن أبي دؤاد القاضي,احمد بن ابي دواد القاضي,2,2,general/jarḥ+taʿdīl; jarḥ (ḍuʿafāʾ),lisan_mizan_ibnhajar; mughni_duafa_dhahabi,
أحمد بن رشد الهلالي,احمد بن رشد الهلالي,2,2,general/jarḥ+taʿdīl; jarḥ (ḍuʿafāʾ),lisan_mizan_ibnhajar; mughni_duafa_dhahabi,
أحمد بن سعيد العسكري أبو الحارث,احمد بن سعيد العسكري ابو الحارث,2,2,general/jarḥ+taʿdīl; jarḥ (ḍuʿafāʾ),lisan_mizan_ibnhajar; mughni_duafa_dhahabi,
أحمد بن عبد الله بن حسين الضرير,احمد بن عبد الله بن حسين الضرير,2,2,general/jarḥ+taʿdīl; jarḥ (ḍuʿafāʾ),lisan_mizan_ibnhajar; mughni_duafa_dhahabi,
أحمد بن عبد الله بن محمد أبو الحسن البكري,احمد بن عبد الله بن محمد ابو الحسن البكري,2,2,general/jarḥ+taʿdīl; jarḥ (ḍuʿafāʾ),lisan_mizan_ibnhajar; mughni_duafa_dhahabi,
أحمد بن عبد الرحمن بن الجارود الرقي,احمد بن عبد الرحمن بن الجارود الرقي,2,2,general/jarḥ+taʿdīl; jarḥ (ḍuʿafāʾ),lisan_mizan_ibnhajar; mughni_duafa_dhahabi,
أحمد بن عبد العزيز أبو حاتم الوراق,احمد بن عبد العزيز ابو حاتم الوراق,2,2,general/jarḥ+taʿdīl; jarḥ (ḍuʿafāʾ),lisan_mizan_ibnhajar; mughni_duafa_dhahabi,
أحمد بن علي النصيبي,احمد بن علي النصيبي,2,2,general/jarḥ+taʿdīl; jarḥ (ḍuʿafāʾ),lisan_mizan_ibnhajar; mughni_duafa_dhahabi,
• أحمد بن علي الخصيبي,احمد بن علي الخصيبي,2,2,general/jarḥ+taʿdīl; jarḥ (ḍuʿafāʾ),lisan_mizan_ibnhajar; mughni_duafa_dhahabi,lisan_mizan_ibnhajar:ج1/ص542
أحمد بن علي بن الفرات الدمشقي,احمد بن علي بن الفرات الدمشقي,2,2,general/jarḥ+taʿdīl; jarḥ (ḍuʿafāʾ),lisan_mizan_ibnhajar; mughni_duafa_dhahabi,
• أحمد بن علي بن أحمد بن صبيح,احمد بن علي بن احمد بن صبيح,2,2,general/jarḥ+taʿdīl; jarḥ (ḍuʿafāʾ),lisan_mizan_ibnhajar; mughni_duafa_dhahabi,lisan_mizan_ibnhajar:ج1/ص557
أحمد بن عمران الأخنسي,احمد بن عمران الاخنسي,2,2,general/jarḥ+taʿdīl; jarḥ (ḍuʿafāʾ),duafa_uqayli; lisan_mizan_ibnhajar,duafa_uqayli:ج1/ص127
أحمد بن محمد بن أحمد بن يحيى,احمد بن محمد بن احمد بن يحيي,2,2,general/jarḥ+taʿdīl; jarḥ (ḍuʿafāʾ),lisan_mizan_ibnhajar; mughni_duafa_dhahabi,
أحمد بن محمد بن حرب الملحمي الجرجاني,احمد بن محمد بن حرب الملحمي الجرجاني,2,2,general/jarḥ+taʿdīl; jarḥ (ḍuʿafāʾ),lisan_mizan_ibnhajar; mughni_duafa_dhahabi,
أحمد بن محمد بن الحسن بن مقسم المقرىء,احمد بن محمد بن الحسن بن مقسم المقري,2,2,general/jarḥ+taʿdīl; jarḥ (ḍuʿafāʾ),lisan_mizan_ibnhajar; mughni_duafa_dhahabi,
أحمد بن محمد بن سعيد بن عقدة الحافظ أبو العباس,احمد بن محمد بن سعيد بن عقده الحافظ ابو العباس,2,2,general/jarḥ+taʿdīl; jarḥ (ḍuʿafāʾ),lisan_mizan_ibnhajar; mughni_duafa_dhahabi,
أحمد بن محمد بن نافع,احمد بن محمد بن نافع,2,2,general/jarḥ+taʿdīl; jarḥ (ḍuʿafāʾ),lisan_mizan_ibnhajar; mughni_duafa_dhahabi,
أحمد بن محمد بن إبراهيم الضرير,احمد بن محمد بن ابراهيم الضرير,2,2,general/jarḥ+taʿdīl; jarḥ (ḍuʿafāʾ),lisan_mizan_ibnhajar; mughni_duafa_dhahabi,mughni_duafa_dhahabi:ج1/ص53
أحمد بن محمد بن صالح التمار,احمد بن محمد بن صالح التمار,2,2,general/jarḥ+taʿdīl; jarḥ (ḍuʿafāʾ),lisan_mizan_ibnhajar; mughni_duafa_dhahabi,
أحمد بن محمد بن الفضل القيسي الأبلي,احمد بن محمد بن الفضل القيسي الابلي,2,2,general/jarḥ+taʿdīl; jarḥ (ḍuʿafāʾ),lisan_mizan_ibnhajar; mughni_duafa_dhahabi,
أحمد بن محمد بن مسروق أبو العباس الطوسي,احمد بن محمد بن مسروق ابو العباس الطوسي,2,2,general/jarḥ+taʿdīl; jarḥ (ḍuʿafāʾ),duafa_ibnjawzi; lisan_mizan_ibnhajar,
أحمد بن محمد بن هارون أبو جعفر البرقي,احمد بن محمد بن هارون ابو جعفر البرقي,2,2,general/jarḥ+taʿdīl; jarḥ (ḍuʿafāʾ),lisan_mizan_ibnhajar; mughni_duafa_dhahabi,mughni_duafa_dhahabi:ج1/ص57
أحمد بن محمد الأنصاري,احمد بن محمد الانصاري,2,2,general/jarḥ+taʿdīl; jarḥ (ḍuʿafāʾ),lisan_mizan_ibnhajar; mughni_duafa_dhahabi,mughni_duafa_dhahabi:ج1/ص59
أحمد بن مروان الدينوري المالكي,احمد بن مروان الدينوري المالكي,2,2,general/jarḥ+taʿdīl; jarḥ (ḍuʿafāʾ),lisan_mizan_ibnhajar; mughni_duafa_dhahabi,
أحمد بن مقاتل الدهقان,احمد بن مقاتل الدهقان,2,2,general/jarḥ+taʿdīl; jarḥ (ḍuʿafāʾ),lisan_mizan_ibnhajar; mughni_duafa_dhahabi,
أحمد بن أبي نافع أبو سلمة الموصلي,احمد بن ابي نافع ابو سلمه الموصلي,2,2,general/jarḥ+taʿdīl; jarḥ (ḍuʿafāʾ),lisan_mizan_ibnhajar; mughni_duafa_dhahabi,
أحمد بن هارون أبو جعفر البلدي,احمد بن هارون ابو جعفر البلدي,2,2,general/jarḥ+taʿdīl; jarḥ (ḍuʿafāʾ),lisan_mizan_ibnhajar; mughni_duafa_dhahabi,
أحمد بن هارون ويقال له: حميد المصيصي,احمد بن هارون ويقال له حميد المصيصي,2,2,general/jarḥ+taʿdīl; jarḥ (ḍuʿafāʾ),lisan_mizan_ibnhajar; mughni_duafa_dhahabi,
أحمد بن الوليد المخرمي,احمد بن الوليد المخرمي,2,2,general/jarḥ+taʿdīl; jarḥ (ḍuʿafāʾ),lisan_mizan_ibnhajar; mughni_duafa_dhahabi,
أحمد بن أبي يحيى الأنماطي أبو بكر البغدادي,احمد بن ابي يحيي الانماطي ابو بكر البغدادي,2,2,general/jarḥ+taʿdīl; jarḥ (ḍuʿafāʾ),lisan_mizan_ibnhajar; mughni_duafa_dhahabi,
آدم بن أبي أوفى,ادم بن ابي اوفي,2,2,general/jarḥ+taʿdīl; jarḥ (ḍuʿafāʾ),lisan_mizan_ibnhajar; mughni_duafa_dhahabi,
أزهر بن سليمان الخراساني الكاتب,ازهر بن سليمان الخراساني الكاتب,2,2,general/jarḥ+taʿdīl; jarḥ (ḍuʿafāʾ),lisan_mizan_ibnhajar; mughni_duafa_dhahabi,
أزهر بن عبد الله,ازهر بن عبد الله,2,2,general; general/jarḥ+taʿdīl,lisan_mizan_ibnhajar; tarikh_kabir_bukhari,
أزور بن غالب,ازور بن غالب,2,2,general/jarḥ+taʿdīl; jarḥ (ḍuʿafāʾ),duafa_uqayli; lisan_mizan_ibnhajar,duafa_uqayli:ج1/ص118
إسحاق بن إبراهيم بن أبي بن نافع,اسحاق بن ابراهيم بن ابي بن نافع,2,2,general/jarḥ+taʿdīl; jarḥ (ḍuʿafāʾ),lisan_mizan_ibnhajar; mughni_duafa_dhahabi,mughni_duafa_dhahabi:ج1/ص68
إسحاق بن بشر أبو حذيفة البخاري,اسحاق بن بشر ابو حذيفه البخاري,2,2,general/jarḥ+taʿdīl; jarḥ (ḍuʿafāʾ),lisan_mizan_ibnhajar; mughni_duafa_dhahabi,mughni_duafa_dhahabi:ج1/ص69
إسحاق بن سعيد بن جبير,اسحاق بن سعيد بن جبير,2,2,general/jarḥ+taʿdīl; jarḥ (ḍuʿafāʾ),lisan_mizan_ibnhajar; mughni_duafa_dhahabi,
إسحاق بن محمشاد,اسحاق بن محمشاد,2,2,general/jarḥ+taʿdīl; jarḥ (ḍuʿafāʾ),lisan_mizan_ibnhajar; mughni_duafa_dhahabi,
إسحاق أبو الغصن,اسحاق ابو الغصن,2,2,general/jarḥ+taʿdīl; jarḥ (ḍuʿafāʾ),duafa_uqayli; lisan_mizan_ibnhajar,
أسد بن إبراهيم بن كليب السلمي الحراني القاضي,اسد بن ابراهيم بن كليب السلمي الحراني القاضي,2,2,general/jarḥ+taʿdīl; jarḥ (ḍuʿafāʾ),lisan_mizan_ibnhajar; mughni_duafa_dhahabi,
أسد بن عطاء,اسد بن عطا,2,2,general/jarḥ+taʿdīl; jarḥ (ḍuʿafāʾ),duafa_uqayli; lisan_mizan_ibnhajar,duafa_uqayli:ج1/ص23
إسرائيل بن روح الساحلي,اسراييل بن روح الساحلي,2,2,general/jarḥ+taʿdīl; jarḥ (ḍuʿafāʾ),lisan_mizan_ibnhajar; mughni_duafa_dhahabi,
إسماعيل بن إبراهيم القرشي,اسماعيل بن ابراهيم القرشي,2,2,general/jarḥ+taʿdīl; jarḥ (ḍuʿafāʾ),duafa_uqayli; lisan_mizan_ibnhajar,duafa_uqayli:ج1/ص74
إسماعيل بن إبراهيم بن ميمون الصائغ,اسماعيل بن ابراهيم بن ميمون الصايغ,2,2,general/jarḥ+taʿdīl; jarḥ (ḍuʿafāʾ),lisan_mizan_ibnhajar; mughni_duafa_dhahabi,
إسماعيل بن إسحاق الجرجاني,اسماعيل بن اسحاق الجرجاني,2,2,general/jarḥ+taʿdīl; jarḥ (ḍuʿafāʾ),lisan_mizan_ibnhajar; mughni_duafa_dhahabi,mughni_duafa_dhahabi:ج1/ص78
إسماعيل بن أوسط البجلي,اسماعيل بن اوسط البجلي,2,2,general/jarḥ+taʿdīl; jarḥ (ḍuʿafāʾ),lisan_mizan_ibnhajar; mughni_duafa_dhahabi,
إسماعيل بن إياس بن عفيف الكندي,اسماعيل بن اياس بن عفيف الكندي,2,2,general/jarḥ+taʿdīl; jarḥ (ḍuʿafāʾ),duafa_uqayli; lisan_mizan_ibnhajar,duafa_uqayli:ج1/ص79
إسماعيل بن بشير بن سلمان الكوفي,اسماعيل بن بشير بن سلمان الكوفي,2,2,general/jarḥ+taʿdīl; jarḥ (ḍuʿafāʾ),duafa_uqayli; lisan_mizan_ibnhajar,duafa_uqayli:ج1/ص81
إسماعيل بن جستاس,اسماعيل بن جستاس,2,2,general/jarḥ+taʿdīl; jarḥ (ḍuʿafāʾ),duafa_uqayli; lisan_mizan_ibnhajar,duafa_uqayli:ج1/ص81
إسماعيل بن الحكم,اسماعيل بن الحكم,2,2,general/jarḥ+taʿdīl; jarḥ (ḍuʿafāʾ),lisan_mizan_ibnhajar; mughni_duafa_dhahabi,
إسماعيل بن سليمان الرازي,اسماعيل بن سليمان الرازي,2,2,general/jarḥ+taʿdīl; jarḥ (ḍuʿafāʾ),duafa_uqayli; lisan_mizan_ibnhajar,duafa_uqayli:ج1/ص82
إسماعيل بن أبي شعيب,اسماعيل بن ابي شعيب,2,2,general/jarḥ+taʿdīl; jarḥ (ḍuʿafāʾ),lisan_mizan_ibnhajar; mughni_duafa_dhahabi,
إسماعيل بن عبد الله,اسماعيل بن عبد الله,2,2,biography/ṭabaqāt; general/jarḥ+taʿdīl,lisan_mizan_ibnhajar; tabaqat_ibnsad,tabaqat_ibnsad:ج7/ص323
إسماعيل بن عبد الله بن خالد,اسماعيل بن عبد الله بن خالد,2,2,general/jarḥ+taʿdīl; jarḥ (ḍuʿafāʾ),lisan_mizan_ibnhajar; mughni_duafa_dhahabi,
إسماعيل بن المثنى,اسماعيل بن المثني,2,2,general/jarḥ+taʿdīl; jarḥ (ḍuʿafāʾ),lisan_mizan_ibnhajar; mughni_duafa_dhahabi,
إسماعيل بن موسى,اسماعيل بن موسي,2,2,biography/ṭabaqāt; general/jarḥ+taʿdīl,lisan_mizan_ibnhajar; tabaqat_ibnsad,
إسماعيل بن موسى الأنصاري,اسماعيل بن موسي الانصاري,2,2,general/jarḥ+taʿdīl; jarḥ (ḍuʿafāʾ),lisan_mizan_ibnhajar; mughni_duafa_dhahabi,
إسماعيل بن هشام,اسماعيل بن هشام,2,2,general/jarḥ+taʿdīl; jarḥ (ḍuʿafāʾ),lisan_mizan_ibnhajar; mughni_duafa_dhahabi,
إسماعيل بن يوسف,اسماعيل بن يوسف,2,2,general/jarḥ+taʿdīl; jarḥ (ḍuʿafāʾ),lisan_mizan_ibnhajar; mughni_duafa_dhahabi,
أسود بن خلف الحراني,اسود بن خلف الحراني,2,2,general/jarḥ+taʿdīl; jarḥ (ḍuʿafāʾ),lisan_mizan_ibnhajar; mughni_duafa_dhahabi,
أسود بن عمران السكري,اسود بن عمران السكري,2,2,general/jarḥ+taʿdīl; jarḥ (ḍuʿafāʾ),lisan_mizan_ibnhajar; mughni_duafa_dhahabi,
أصبغ بن سفيان الكلبي,اصبغ بن سفيان الكلبي,2,2,general/jarḥ+taʿdīl; jarḥ (ḍuʿafāʾ),duafa_uqayli; lisan_mizan_ibnhajar,duafa_uqayli:ج1/ص130
أصبغ أبو بكر الشيباني,اصبغ ابو بكر الشيباني,2,2,general/jarḥ+taʿdīl; jarḥ (ḍuʿafāʾ),duafa_uqayli; lisan_mizan_ibnhajar,duafa_uqayli:ج1/ص130
أصرم بن غياث النيسابوري,اصرم بن غياث النيسابوري,2,2,general/jarḥ+taʿdīl; jarḥ (ḍuʿafāʾ),duafa_uqayli; lisan_mizan_ibnhajar,duafa_uqayli:ج1/ص118
إياس بن أبي إياس,اياس بن ابي اياس,2,2,general/jarḥ+taʿdīl; jarḥ (ḍuʿafāʾ),duafa_uqayli; lisan_mizan_ibnhajar,duafa_uqayli:ج1/ص35
أيوب بن مدرك الحنفي,ايوب بن مدرك الحنفي,2,2,general/jarḥ+taʿdīl; jarḥ (ḍuʿafāʾ),duafa_uqayli; lisan_mizan_ibnhajar,duafa_uqayli:ج1/ص115
أيوب بن وائل,ايوب بن وايل,2,2,general/jarḥ+taʿdīl; jarḥ (ḍuʿafāʾ),duafa_uqayli; lisan_mizan_ibnhajar,duafa_uqayli:ج1/ص117
بشر بن عاصم,بشر بن عاصم,2,2,biography/ṭabaqāt; general/jarḥ+taʿdīl,lisan_mizan_ibnhajar; tabaqat_ibnsad,tabaqat_ibnsad:ج8/ص80
بشر بن مبشر,بشر بن مبشر,2,2,biography/ṭabaqāt; general/jarḥ+taʿdīl,lisan_mizan_ibnhajar; tabaqat_ibnsad,
بشير مولى بني هاشم,بشير مولي بني هاشم,2,2,general/jarḥ+taʿdīl; jarḥ (ḍuʿafāʾ),duafa_uqayli; lisan_mizan_ibnhajar,duafa_uqayli:ج1/ص146
بكر بن قرواش,بكر بن قرواش,2,2,general/jarḥ+taʿdīl; jarḥ (ḍuʿafāʾ),duafa_uqayli; lisan_mizan_ibnhajar,duafa_uqayli:ج1/ص149
بنوس بن أحمد الواسطي,بنوس بن احمد الواسطي,2,2,general/jarḥ+taʿdīl; jarḥ (ḍuʿafāʾ),lisan_mizan_ibnhajar; mughni_duafa_dhahabi,
ثابت بن زيد [بن ثابت بن زيد بن أرقم],ثابت بن زيد بن ثابت بن زيد بن ارقم,2,2,general/jarḥ+taʿdīl; jarḥ (ḍuʿafāʾ),duafa_uqayli; lisan_mizan_ibnhajar,duafa_uqayli:ج1/ص174
ثابت بن عبد الله,ثابت بن عبد الله,2,2,biography/ṭabaqāt; general/jarḥ+taʿdīl,lisan_mizan_ibnhajar; tabaqat_ibnsad,tabaqat_ibnsad:ج7/ص406
ثابت بن الوليد بن عبد الله بن جميع,ثابت بن الوليد بن عبد الله بن جميع,2,2,biography/ṭabaqāt; general/jarḥ+taʿdīl,lisan_mizan_ibnhajar; tabaqat_ibnsad,
ثمامة بن أشرس أبو معن النميري البصري,ثمامه بن اشرس ابو معن النميري البصري,2,2,biography; general/jarḥ+taʿdīl,lisan_mizan_ibnhajar; siyar_dhahabi,siyar_dhahabi:ج10/ص203
جابر بن يزيد,جابر بن يزيد,2,2,biography/ṭabaqāt; general/jarḥ+taʿdīl,lisan_mizan_ibnhajar; tabaqat_ibnsad,tabaqat_ibnsad:ج8/ص464
جارية بن أبي عمران,جاريه بن ابي عمران,2,2,biography/ṭabaqāt; general/jarḥ+taʿdīl,lisan_mizan_ibnhajar; tabaqat_ibnsad,tabaqat_ibnsad:ج7/ص551
جارية بن هرم أبو شيخ الفقيمي,جاريه بن هرم ابو شيخ الفقيمي,2,2,general/jarḥ+taʿdīl; jarḥ (ḍuʿafāʾ),duafa_uqayli; lisan_mizan_ibnhajar,duafa_uqayli:ج1/ص203
جعفر بن جسر بن فرقد أبو سليمان القصاب,جعفر بن جسر بن فرقد ابو سليمان القصاب,2,2,general/jarḥ+taʿdīl; jarḥ (ḍuʿafāʾ),duafa_ibnjawzi; lisan_mizan_ibnhajar,
جعفر بن أبي الحسن الخواري,جعفر بن ابي الحسن الخواري,2,2,general/jarḥ+taʿdīl; jarḥ (ḍuʿafāʾ),lisan_mizan_ibnhajar; mughni_duafa_dhahabi,
جعفر بن حميد الأنصاري,جعفر بن حميد الانصاري,2,2,general/jarḥ+taʿdīl; jarḥ (ḍuʿafāʾ),lisan_mizan_ibnhajar; mughni_duafa_dhahabi,
جعفر بن عبد الواحد الهاشمي القاضي,جعفر بن عبد الواحد الهاشمي القاضي,2,2,general/jarḥ+taʿdīl; jarḥ (ḍuʿafāʾ),lisan_mizan_ibnhajar; mughni_duafa_dhahabi,
جعفر بن مبشر الثقفي,جعفر بن مبشر الثقفي,2,2,biography; general/jarḥ+taʿdīl,lisan_mizan_ibnhajar; siyar_dhahabi,
جعفر بن محمد بن عباد بن جعفر المخزومي,جعفر بن محمد بن عباد بن جعفر المخزومي,2,2,general/jarḥ+taʿdīl; jarḥ (ḍuʿafāʾ),duafa_uqayli; lisan_mizan_ibnhajar,duafa_uqayli:ج1/ص185
جعفر بن محمد بن الليث الزيادي,جعفر بن محمد بن الليث الزيادي,2,2,general/jarḥ+taʿdīl; jarḥ (ḍuʿafāʾ),lisan_mizan_ibnhajar; mughni_duafa_dhahabi,
جعفر بن محمد بن بكارة الموصلي,جعفر بن محمد بن بكاره الموصلي,2,2,general/jarḥ+taʿdīl; jarḥ (ḍuʿafāʾ),lisan_mizan_ibnhajar; mughni_duafa_dhahabi,
جعفر بن مرزوق المدائني,جعفر بن مرزوق المدايني,2,2,general/jarḥ+taʿdīl; jarḥ (ḍuʿafāʾ),duafa_uqayli; lisan_mizan_ibnhajar,duafa_uqayli:ج1/ص190
جعفر بن هلال بن خباب,جعفر بن هلال بن خباب,2,2,general/jarḥ+taʿdīl; jarḥ (ḍuʿafāʾ),lisan_mizan_ibnhajar; mughni_duafa_dhahabi,
جميل بن زيد الطائي.</span>,جميل بن زيد الطايي,2,2,general/jarḥ+taʿdīl; jarḥ (ḍuʿafāʾ),duafa_uqayli; lisan_mizan_ibnhajar,duafa_uqayli:ج1/ص191
حاتم بن أنيس,حاتم بن انيس,2,2,general/jarḥ+taʿdīl; jarḥ (ḍuʿafāʾ),lisan_mizan_ibnhajar; mughni_duafa_dhahabi,
الحارث بن أنعم,الحارث بن انعم,2,2,general/jarḥ+taʿdīl; jarḥ (ḍuʿafāʾ),duafa_ibnjawzi; lisan_mizan_ibnhajar,
الحارث بن سريج النقال,الحارث بن سريج النقال,2,2,general/jarḥ+taʿdīl; jarḥ (ḍuʿafāʾ),lisan_mizan_ibnhajar; mughni_duafa_dhahabi,
الحارث بن عيينة الحمصي,الحارث بن عيينه الحمصي,2,2,general/jarḥ+taʿdīl; jarḥ (ḍuʿafāʾ),lisan_mizan_ibnhajar; mughni_duafa_dhahabi,
الحارث بن هانئ,الحارث بن هاني,2,2,biography/ṭabaqāt; general/jarḥ+taʿdīl,lisan_mizan_ibnhajar; tabaqat_ibnsad,tabaqat_ibnsad:ج6/ص239
وحارثة بن أبي عمرو,وحارثه بن ابي عمرو,2,2,general/jarḥ+taʿdīl; jarḥ (ḍuʿafāʾ),lisan_mizan_ibnhajar; mughni_duafa_dhahabi,
حازم بن خارجة,حازم بن خارجه,2,2,general/jarḥ+taʿdīl; jarḥ (ḍuʿafāʾ),lisan_mizan_ibnhajar; mughni_duafa_dhahabi,
• حاضر بن آدم المروزي,حاضر بن ادم المروزي,2,2,general/jarḥ+taʿdīl; jarḥ (ḍuʿafāʾ),lisan_mizan_ibnhajar; mughni_duafa_dhahabi,lisan_mizan_ibnhajar:ج2/ص536
حامد بن حماد العسكري,حامد بن حماد العسكري,2,2,general/jarḥ+taʿdīl; jarḥ (ḍuʿafāʾ),lisan_mizan_ibnhajar; mughni_duafa_dhahabi,
حبحاب والد شعيب,حبحاب والد شعيب,2,2,general/jarḥ+taʿdīl; jarḥ (ḍuʿafāʾ),lisan_mizan_ibnhajar; mughni_duafa_dhahabi,
وحبحاب بن أبي الحبحاب,وحبحاب بن ابي الحبحاب,2,2,general/jarḥ+taʿdīl; jarḥ (ḍuʿafāʾ),lisan_mizan_ibnhajar; mughni_duafa_dhahabi,
حبيب بن جحدر أخو خصيب,حبيب بن جحدر اخو خصيب,2,2,general/jarḥ+taʿdīl; jarḥ (ḍuʿafāʾ),lisan_mizan_ibnhajar; mughni_duafa_dhahabi,
حبيب بن أبي العالية,حبيب بن ابي العاليه,2,2,general/jarḥ+taʿdīl; jarḥ (ḍuʿafāʾ),duafa_uqayli; lisan_mizan_ibnhajar,
حبيب بن عمرو السلاماني,حبيب بن عمرو السلاماني,2,2,biography/ṭabaqāt; general/jarḥ+taʿdīl,lisan_mizan_ibnhajar; tabaqat_ibnsad,tabaqat_ibnsad:ج6/ص315
حبيب بن مرزوق,حبيب بن مرزوق,2,2,general/jarḥ+taʿdīl; jarḥ (ḍuʿafāʾ),lisan_mizan_ibnhajar; mughni_duafa_dhahabi,
حبيب بن يزيد,حبيب بن يزيد,2,2,general/jarḥ+taʿdīl; jarḥ (ḍuʿafāʾ),duafa_ibnjawzi; lisan_mizan_ibnhajar,
حجاج بن منير القلاء,حجاج بن منير القلا,2,2,general/jarḥ+taʿdīl; jarḥ (ḍuʿafāʾ),lisan_mizan_ibnhajar; mughni_duafa_dhahabi,
حدمر أبو القاسم,حدمر ابو القاسم,2,2,general/jarḥ+taʿdīl; jarḥ (ḍuʿafāʾ),lisan_mizan_ibnhajar; mughni_duafa_dhahabi,
حرب أبو رجاء,حرب ابو رجا,2,2,general/jarḥ+taʿdīl; jarḥ (ḍuʿafāʾ),duafa_uqayli; lisan_mizan_ibnhajar,
الحر بن هارون,الحر بن هارون,2,2,general/jarḥ+taʿdīl; jarḥ (ḍuʿafāʾ),lisan_mizan_ibnhajar; mughni_duafa_dhahabi,
حريث بن أبي حريث,حريث بن ابي حريث,2,2,general; general/jarḥ+taʿdīl,lisan_mizan_ibnhajar; tarikh_kabir_bukhari,
حزن بن نباتة,حزن بن نباته,2,2,general/jarḥ+taʿdīl; jarḥ (ḍuʿafāʾ),lisan_mizan_ibnhajar; mughni_duafa_dhahabi,
حسان بن حسان الواسطي,حسان بن حسان الواسطي,2,2,general/jarḥ+taʿdīl; jarḥ (ḍuʿafāʾ),lisan_mizan_ibnhajar; mughni_duafa_dhahabi,
حسان بن أبي عباد,حسان بن ابي عباد,2,2,general/jarḥ+taʿdīl; jarḥ (ḍuʿafāʾ),lisan_mizan_ibnhajar; mughni_duafa_dhahabi,
حسان بن محرش,حسان بن محرش,2,2,general/jarḥ+taʿdīl; jarḥ (ḍuʿafāʾ),duafa_ibnjawzi; lisan_mizan_ibnhajar,
الحسن بن أبي أيوب الكوفي,الحسن بن ابي ايوب الكوفي,2,2,general/jarḥ+taʿdīl; jarḥ (ḍuʿafāʾ),lisan_mizan_ibnhajar; mughni_duafa_dhahabi,
الحسن بن الحسين بن عاصم الهسنجاني,الحسن بن الحسين بن عاصم الهسنجاني,2,2,general/jarḥ+taʿdīl; jarḥ (ḍuʿafāʾ),lisan_mizan_ibnhajar; mughni_duafa_dhahabi,
الحسن بن الحسين الرهاوي المقرىء,الحسن بن الحسين الرهاوي المقري,2,2,general/jarḥ+taʿdīl; ikhtilāṭ,ightibat_sibt_ibnajami; lisan_mizan_ibnhajar,
الحسن بن رزين,الحسن بن رزين,2,2,general/jarḥ+taʿdīl; jarḥ (ḍuʿafāʾ),lisan_mizan_ibnhajar; mughni_duafa_dhahabi,
الحسن بن رشيق العسكري,الحسن بن رشيق العسكري,2,2,general/jarḥ+taʿdīl; jarḥ (ḍuʿafāʾ),lisan_mizan_ibnhajar; mughni_duafa_dhahabi,
الحسن بن السكن,الحسن بن السكن,2,2,general/jarḥ+taʿdīl; jarḥ (ḍuʿafāʾ),duafa_uqayli; lisan_mizan_ibnhajar,duafa_uqayli:ج1/ص244
الحسن بن شبيب المكتب,الحسن بن شبيب المكتب,2,2,general/jarḥ+taʿdīl; jarḥ (ḍuʿafāʾ),lisan_mizan_ibnhajar; mughni_duafa_dhahabi,
الحسن بن علي بن شبيب المعمري الحافظ,الحسن بن علي بن شبيب المعمري الحافظ,2,2,general/jarḥ+taʿdīl; jarḥ (ḍuʿafāʾ),lisan_mizan_ibnhajar; mughni_duafa_dhahabi,
الحسن بن علي بن عاصم الواسطي,الحسن بن علي بن عاصم الواسطي,2,2,general/jarḥ+taʿdīl; jarḥ (ḍuʿafāʾ),lisan_mizan_ibnhajar; mughni_duafa_dhahabi,
الحسن بن علي الهمداني,الحسن بن علي الهمداني,2,2,general/jarḥ+taʿdīl; jarḥ (ḍuʿafāʾ),lisan_mizan_ibnhajar; mughni_duafa_dhahabi,
الحسن بن علي بن نعيم العبدي,الحسن بن علي بن نعيم العبدي,2,2,general/jarḥ+taʿdīl; jarḥ (ḍuʿafāʾ),lisan_mizan_ibnhajar; mughni_duafa_dhahabi,
الحسن بن عمرو,الحسن بن عمرو,2,2,biography/ṭabaqāt; general/jarḥ+taʿdīl,lisan_mizan_ibnhajar; tabaqat_ibnsad,tabaqat_ibnsad:ج8/ص460
الحسن بن عنبسة,الحسن بن عنبسه,2,2,general/jarḥ+taʿdīl; jarḥ (ḍuʿafāʾ),lisan_mizan_ibnhajar; mughni_duafa_dhahabi,
الحسن بن الفضل بن عمرو,الحسن بن الفضل بن عمرو,2,2,general/jarḥ+taʿdīl; jarḥ (ḍuʿafāʾ),lisan_mizan_ibnhajar; mughni_duafa_dhahabi,
الحسن بن كثير,الحسن بن كثير,2,2,general/jarḥ+taʿdīl; jarḥ (ḍuʿafāʾ),duafa_ibnjawzi; lisan_mizan_ibnhajar,
الحسن بن محمد بن ناقة الرزاز,الحسن بن محمد بن ناقه الرزاز,2,2,general/jarḥ+taʿdīl; jarḥ (ḍuʿafāʾ),lisan_mizan_ibnhajar; mughni_duafa_dhahabi,
الحسن بن مكي,الحسن بن مكي,2,2,general/jarḥ+taʿdīl; jarḥ (ḍuʿafāʾ),lisan_mizan_ibnhajar; mughni_duafa_dhahabi,
الحسين بن أبي بردة,الحسين بن ابي برده,2,2,general/jarḥ+taʿdīl; jarḥ (ḍuʿafāʾ),lisan_mizan_ibnhajar; mughni_duafa_dhahabi,
الحسين بن الحسن بن عطية العوفي,الحسين بن الحسن بن عطيه العوفي,2,2,general/jarḥ+taʿdīl; jarḥ (ḍuʿafāʾ),lisan_mizan_ibnhajar; mughni_duafa_dhahabi,
الحسين بن حميد بن الربيع الكوفي الخزاز,الحسين بن حميد بن الربيع الكوفي الخزاز,2,2,general/jarḥ+taʿdīl; jarḥ (ḍuʿafāʾ),lisan_mizan_ibnhajar; mughni_duafa_dhahabi,
الحسين بن سليمان النحوي,الحسين بن سليمان النحوي,2,2,general/jarḥ+taʿdīl; jarḥ (ḍuʿafāʾ),lisan_mizan_ibnhajar; mughni_duafa_dhahabi,mughni_duafa_dhahabi:ج1/ص171
الحسين بن عبد الله بن شاكر السمرقندي,الحسين بن عبد الله بن شاكر السمرقندي,2,2,general/jarḥ+taʿdīl; jarḥ (ḍuʿafāʾ),lisan_mizan_ibnhajar; mughni_duafa_dhahabi,
الحسين بن عبيد الله التميمي,الحسين بن عبيد الله التميمي,2,2,general/jarḥ+taʿdīl; jarḥ (ḍuʿafāʾ),lisan_mizan_ibnhajar; mughni_duafa_dhahabi,
الحسين بن علوان الكلبي,الحسين بن علوان الكلبي,2,2,general/jarḥ+taʿdīl; jarḥ (ḍuʿafāʾ),lisan_mizan_ibnhajar; mughni_duafa_dhahabi,
الحسين بن علي بن نصر الطوسي,الحسين بن علي بن نصر الطوسي,2,2,general/jarḥ+taʿdīl; jarḥ (ḍuʿafāʾ),lisan_mizan_ibnhajar; mughni_duafa_dhahabi,lisan_mizan_ibnhajar:ج3/ص199
الحسين بن القاسم الأصبهاني الزاهد,الحسين بن القاسم الاصبهاني الزاهد,2,2,general/jarḥ+taʿdīl; jarḥ (ḍuʿafāʾ),lisan_mizan_ibnhajar; mughni_duafa_dhahabi,mughni_duafa_dhahabi:ج1/ص174
الحسين بن محمد بن خسرو البلخي,الحسين بن محمد بن خسرو البلخي,2,2,general/jarḥ+taʿdīl; jarḥ (ḍuʿafāʾ),lisan_mizan_ibnhajar; mughni_duafa_dhahabi,
الحسين بن يحيى الحنائي,الحسين بن يحيي الحنايي,2,2,general/jarḥ+taʿdīl; jarḥ (ḍuʿafāʾ),lisan_mizan_ibnhajar; mughni_duafa_dhahabi,
حصين بن يزيد الثعلبي,حصين بن يزيد الثعلبي,2,2,general/jarḥ+taʿdīl; jarḥ (ḍuʿafāʾ),lisan_mizan_ibnhajar; mughni_duafa_dhahabi,
حفص بن سلم أبو مقاتل السمرقندي,حفص بن سلم ابو مقاتل السمرقندي,2,2,general/jarḥ+taʿdīl; jarḥ (ḍuʿafāʾ),lisan_mizan_ibnhajar; mughni_duafa_dhahabi,
حفص بن عمر بن جابان,حفص بن عمر بن جابان,2,2,general/jarḥ+taʿdīl; jarḥ (ḍuʿafāʾ),lisan_mizan_ibnhajar; mughni_duafa_dhahabi,
حفص بن عمر بن ثابت,حفص بن عمر بن ثابت,2,2,general/jarḥ+taʿdīl; jarḥ (ḍuʿafāʾ),lisan_mizan_ibnhajar; mughni_duafa_dhahabi,
حفص بن عمر العبدري المكي,حفص بن عمر العبدري المكي,2,2,general/jarḥ+taʿdīl; jarḥ (ḍuʿafāʾ),lisan_mizan_ibnhajar; mughni_duafa_dhahabi,
حفص بن غياث,حفص بن غياث,2,2,biography/ṭabaqāt; general/jarḥ+taʿdīl,lisan_mizan_ibnhajar; tabaqat_ibnsad,tabaqat_ibnsad:ج8/ص512
حكيم بن أبي حكيم,حكيم بن ابي حكيم,2,2,general; general/jarḥ+taʿdīl,lisan_mizan_ibnhajar; tarikh_kabir_bukhari,
حكيم بن عجيبة الكوفي,حكيم بن عجيبه الكوفي,2,2,general/jarḥ+taʿdīl; jarḥ (ḍuʿafāʾ),lisan_mizan_ibnhajar; mughni_duafa_dhahabi,
حماد بن بحر الرازي,حماد بن بحر الرازي,2,2,general/jarḥ+taʿdīl; jarḥ (ḍuʿafāʾ),lisan_mizan_ibnhajar; mughni_duafa_dhahabi,
حماد بن داود الكوفي,حماد بن داود الكوفي,2,2,general/jarḥ+taʿdīl; jarḥ (ḍuʿafāʾ),lisan_mizan_ibnhajar; mughni_duafa_dhahabi,
حماد بن سعيد البراء,حماد بن سعيد البرا,2,2,general/jarḥ+taʿdīl; jarḥ (ḍuʿafāʾ),lisan_mizan_ibnhajar; mughni_duafa_dhahabi,
حماد بن عبد الملك الخولاني,حماد بن عبد الملك الخولاني,2,2,general/jarḥ+taʿdīl; jarḥ (ḍuʿafāʾ),lisan_mizan_ibnhajar; mughni_duafa_dhahabi,
حماد مولى بني أمية,حماد مولي بني اميه,2,2,general/jarḥ+taʿdīl; jarḥ (ḍuʿafāʾ),lisan_mizan_ibnhajar; mughni_duafa_dhahabi,
حمدون بن محمد بن حمدون بن هشام الحافظ,حمدون بن محمد بن حمدون بن هشام الحافظ,2,2,general/jarḥ+taʿdīl; jarḥ (ḍuʿafāʾ),lisan_mizan_ibnhajar; mughni_duafa_dhahabi,
حمزة بن إسماعيل,حمزه بن اسماعيل,2,2,general/jarḥ+taʿdīl; jarḥ (ḍuʿafāʾ),duafa_uqayli; lisan_mizan_ibnhajar,duafa_uqayli:ج1/ص291
حمزة بن سلمة أبو أيوب,حمزه بن سلمه ابو ايوب,2,2,general/jarḥ+taʿdīl; jarḥ (ḍuʿafāʾ),lisan_mizan_ibnhajar; mughni_duafa_dhahabi,
حملة بن عبد الرحمن,حمله بن عبد الرحمن,2,2,biography/ṭabaqāt; general/jarḥ+taʿdīl,lisan_mizan_ibnhajar; tabaqat_ibnsad,tabaqat_ibnsad:ج8/ص279
حميد بن علي العقيلي,حميد بن علي العقيلي,2,2,general/jarḥ+taʿdīl; jarḥ (ḍuʿafāʾ),lisan_mizan_ibnhajar; mughni_duafa_dhahabi,
حميد بن مالك اللخمي,حميد بن مالك اللخمي,2,2,general/jarḥ+taʿdīl; jarḥ (ḍuʿafāʾ),duafa_uqayli; lisan_mizan_ibnhajar,
حنظلة التيمي القاص,حنظله التيمي القاص,2,2,general/jarḥ+taʿdīl; jarḥ (ḍuʿafāʾ),lisan_mizan_ibnhajar; mughni_duafa_dhahabi,
حوشب بن عبد الكريم,حوشب بن عبد الكريم,2,2,general/jarḥ+taʿdīl; jarḥ (ḍuʿafāʾ),lisan_mizan_ibnhajar; mughni_duafa_dhahabi,
خازم بن خزيمة البصري,خازم بن خزيمه البصري,2,2,general/jarḥ+taʿdīl; jarḥ (ḍuʿafāʾ),duafa_uqayli; lisan_mizan_ibnhajar,duafa_uqayli:ج2/ص26
خالد بن سليمان أبو معاذ البلخي,خالد بن سليمان ابو معاذ البلخي,2,2,general/jarḥ+taʿdīl; jarḥ (ḍuʿafāʾ),lisan_mizan_ibnhajar; mughni_duafa_dhahabi,
خالد بن شريك,خالد بن شريك,2,2,general/jarḥ+taʿdīl; jarḥ (ḍuʿafāʾ),duafa_uqayli; lisan_mizan_ibnhajar,duafa_uqayli:ج2/ص6
خالد بن قطن,خالد بن قطن,2,2,general/jarḥ+taʿdīl; jarḥ (ḍuʿafāʾ),lisan_mizan_ibnhajar; mughni_duafa_dhahabi,
خالد بن قيس,خالد بن قيس,2,2,biography/ṭabaqāt; general/jarḥ+taʿdīl,lisan_mizan_ibnhajar; tabaqat_ibnsad,tabaqat_ibnsad:ج3/ص554
خالد بن كيسان,خالد بن كيسان,2,2,general; general/jarḥ+taʿdīl,lisan_mizan_ibnhajar; tarikh_kabir_bukhari,
خالد بن يزيد بن مسلم الغنوي البصري,خالد بن يزيد بن مسلم الغنوي البصري,2,2,biography; general/jarḥ+taʿdīl,lisan_mizan_ibnhajar; siyar_dhahabi,
خالد بن يزيد أبو الهيثم الواسطي,خالد بن يزيد ابو الهيثم الواسطي,2,2,general/jarḥ+taʿdīl; jarḥ (ḍuʿafāʾ),duafa_ibnjawzi; lisan_mizan_ibnhajar,
• خبيب بن عبد الرحمن بن أردك,خبيب بن عبد الرحمن بن اردك,2,2,general/jarḥ+taʿdīl; jarḥ (ḍuʿafāʾ),lisan_mizan_ibnhajar; mughni_duafa_dhahabi,lisan_mizan_ibnhajar:ج3/ص352
خديج بن أويس,خديج بن اويس,2,2,general/jarḥ+taʿdīl; jarḥ (ḍuʿafāʾ),duafa_ibnjawzi; lisan_mizan_ibnhajar,
خطاب بن عمر,خطاب بن عمر,2,2,general; general/jarḥ+taʿdīl,lisan_mizan_ibnhajar; tarikh_kabir_bukhari,
خطاب بن عمير الثوري,خطاب بن عمير الثوري,2,2,general/jarḥ+taʿdīl; jarḥ (ḍuʿafāʾ),duafa_uqayli; lisan_mizan_ibnhajar,duafa_uqayli:ج2/ص24
خلاد بن عطاء مولى قريش,خلاد بن عطا مولي قريش,2,2,general/jarḥ+taʿdīl; jarḥ (ḍuʿafāʾ),duafa_uqayli; lisan_mizan_ibnhajar,duafa_uqayli:ج2/ص18
خلف بن عبد الله السعدي,خلف بن عبد الله السعدي,2,2,general/jarḥ+taʿdīl; jarḥ (ḍuʿafāʾ),duafa_ibnjawzi; lisan_mizan_ibnhajar,
خلف بن عبد الحميد السرخسي,خلف بن عبد الحميد السرخسي,2,2,general/jarḥ+taʿdīl; jarḥ (ḍuʿafāʾ),lisan_mizan_ibnhajar; mughni_duafa_dhahabi,
خلف بن المبارك,خلف بن المبارك,2,2,general/jarḥ+taʿdīl; jarḥ (ḍuʿafāʾ),lisan_mizan_ibnhajar; mughni_duafa_dhahabi,
خلف بن يحيى الخراساني قاضي الري,خلف بن يحيي الخراساني قاضي الري,2,2,general/jarḥ+taʿdīl; jarḥ (ḍuʿafāʾ),lisan_mizan_ibnhajar; mughni_duafa_dhahabi,
الخليل بن بحر أبو رجاء,الخليل بن بحر ابو رجا,2,2,general/jarḥ+taʿdīl; jarḥ (ḍuʿafāʾ),lisan_mizan_ibnhajar; mughni_duafa_dhahabi,
خمير بن عوف,خمير بن عوف,2,2,general/jarḥ+taʿdīl; jarḥ (ḍuʿafāʾ),lisan_mizan_ibnhajar; mughni_duafa_dhahabi,
خيثمة بن خليفة [بن خيثمة بن عبد الرحمن],خيثمه بن خليفه بن خيثمه بن عبد الرحمن,2,2,general/jarḥ+taʿdīl; jarḥ (ḍuʿafāʾ),duafa_ibnjawzi; lisan_mizan_ibnhajar,
داهر بن يحيى الرازي,داهر بن يحيي الرازي,2,2,general/jarḥ+taʿdīl; jarḥ (ḍuʿafāʾ),duafa_uqayli; lisan_mizan_ibnhajar,duafa_uqayli:ج2/ص47
داود بن إبراهيم العقيلي,داود بن ابراهيم العقيلي,2,2,general/jarḥ+taʿdīl; jarḥ (ḍuʿafāʾ),lisan_mizan_ibnhajar; mughni_duafa_dhahabi,
داود بن أيوب القسملي,داود بن ايوب القسملي,2,2,general/jarḥ+taʿdīl; jarḥ (ḍuʿafāʾ),lisan_mizan_ibnhajar; mughni_duafa_dhahabi,
داود بن سليمان بن جبير,داود بن سليمان بن جبير,2,2,general/jarḥ+taʿdīl; jarḥ (ḍuʿafāʾ),lisan_mizan_ibnhajar; mughni_duafa_dhahabi,
• داود بن عباد,داود بن عباد,2,2,general/jarḥ+taʿdīl; jarḥ (ḍuʿafāʾ),lisan_mizan_ibnhajar; mughni_duafa_dhahabi,lisan_mizan_ibnhajar:ج3/ص401
داود بن عثمان الثغري,داود بن عثمان الثغري,2,2,general/jarḥ+taʿdīl; jarḥ (ḍuʿafāʾ),duafa_uqayli; lisan_mizan_ibnhajar,duafa_uqayli:ج2/ص37
داود بن عفان,داود بن عفان,2,2,general/jarḥ+taʿdīl; jarḥ (ḍuʿafāʾ),lisan_mizan_ibnhajar; mughni_duafa_dhahabi,
داود بن الفضل الحلبي,داود بن الفضل الحلبي,2,2,general/jarḥ+taʿdīl; jarḥ (ḍuʿafāʾ),lisan_mizan_ibnhajar; mughni_duafa_dhahabi,
داود بن يزيد الثقفي,داود بن يزيد الثقفي,2,2,general/jarḥ+taʿdīl; jarḥ (ḍuʿafāʾ),lisan_mizan_ibnhajar; mughni_duafa_dhahabi,
دليل بن عبد الملك الفزاري الحلبي,دليل بن عبد الملك الفزاري الحلبي,2,2,general/jarḥ+taʿdīl; jarḥ (ḍuʿafāʾ),lisan_mizan_ibnhajar; mughni_duafa_dhahabi,
راشد مؤذن ابن الزبير,راشد موذن ابن الزبير,2,2,general/jarḥ+taʿdīl; jarḥ (ḍuʿafāʾ),duafa_ibnjawzi; lisan_mizan_ibnhajar,
الربيع بن مالك,الربيع بن مالك,2,2,general/jarḥ+taʿdīl; jarḥ (ḍuʿafāʾ),lisan_mizan_ibnhajar; mughni_duafa_dhahabi,mughni_duafa_dhahabi:ج1/ص228
الربيع بن النعمان,الربيع بن النعمان,2,2,biography/ṭabaqāt; general/jarḥ+taʿdīl,lisan_mizan_ibnhajar; tabaqat_ibnsad,tabaqat_ibnsad:ج4/ص319
رجاء بن الحارث أبو سلام,رجا بن الحارث ابو سلام,2,2,general/jarḥ+taʿdīl; jarḥ (ḍuʿafāʾ),duafa_uqayli; lisan_mizan_ibnhajar,duafa_uqayli:ج2/ص61
رفاعة بن هرير بن عبد الرحمن بن رافع بن خديج,رفاعه بن هرير بن عبد الرحمن بن رافع بن خديج,2,2,general/jarḥ+taʿdīl; jarḥ (ḍuʿafāʾ),lisan_mizan_ibnhajar; mughni_duafa_dhahabi,
رؤبة بن رويبة,روبه بن رويبه,2,2,general/jarḥ+taʿdīl; jarḥ (ḍuʿafāʾ),lisan_mizan_ibnhajar; mughni_duafa_dhahabi,
روح بن عطاء بن أبي ميمونة,روح بن عطا بن ابي ميمونه,2,2,general/jarḥ+taʿdīl; jarḥ (ḍuʿafāʾ),lisan_mizan_ibnhajar; mughni_duafa_dhahabi,
روح بن عيينة الطائي,روح بن عيينه الطايي,2,2,general/jarḥ+taʿdīl; jarḥ (ḍuʿafāʾ),lisan_mizan_ibnhajar; mughni_duafa_dhahabi,
رياح بن عمرو القيسي,رياح بن عمرو القيسي,2,2,general/jarḥ+taʿdīl; jarḥ (ḍuʿafāʾ),lisan_mizan_ibnhajar; mughni_duafa_dhahabi,
الزبير بن خربوذ,الزبير بن خربوذ,2,2,general/jarḥ+taʿdīl; jarḥ (ḍuʿafāʾ),lisan_mizan_ibnhajar; mughni_duafa_dhahabi,
الزبير بن الشعشاع,الزبير بن الشعشاع,2,2,general/jarḥ+taʿdīl; jarḥ (ḍuʿafāʾ),lisan_mizan_ibnhajar; mughni_duafa_dhahabi,
زهدم بن الحارث الطائي,زهدم بن الحارث الطايي,2,2,general/jarḥ+taʿdīl; jarḥ (ḍuʿafāʾ),duafa_uqayli; lisan_mizan_ibnhajar,duafa_uqayli:ج2/ص92
• زياد أبو عمار,زياد ابو عمار,2,2,general/jarḥ+taʿdīl; jarḥ (ḍuʿafāʾ),lisan_mizan_ibnhajar; mughni_duafa_dhahabi,lisan_mizan_ibnhajar:ج3/ص543
زيد بن أبي أنيسة,زيد بن ابي انيسه,2,2,biography/ṭabaqāt; general/jarḥ+taʿdīl,lisan_mizan_ibnhajar; tabaqat_ibnsad,tabaqat_ibnsad:ج9/ص486
زيد بن تغلب,زيد بن تغلب,2,2,general/jarḥ+taʿdīl; jarḥ (ḍuʿafāʾ),lisan_mizan_ibnhajar; mughni_duafa_dhahabi,
زيد بن الحسن بن زيد بن أميرك الحسيني,زيد بن الحسن بن زيد بن اميرك الحسيني,2,2,general/jarḥ+taʿdīl; jarḥ (ḍuʿafāʾ),lisan_mizan_ibnhajar; mughni_duafa_dhahabi,
زيد بن رفيع,زيد بن رفيع,2,2,biography/ṭabaqāt; general/jarḥ+taʿdīl,lisan_mizan_ibnhajar; tabaqat_ibnsad,tabaqat_ibnsad:ج9/ص485
زيد بن سعيد الواسطي,زيد بن سعيد الواسطي,2,2,general/jarḥ+taʿdīl; jarḥ (ḍuʿafāʾ),lisan_mizan_ibnhajar; mughni_duafa_dhahabi,
زيد بن صالح,زيد بن صالح,2,2,general/jarḥ+taʿdīl; jarḥ (ḍuʿafāʾ),lisan_mizan_ibnhajar; mughni_duafa_dhahabi,
زيد بن صبح,زيد بن صبح,2,2,general/jarḥ+taʿdīl; jarḥ (ḍuʿafāʾ),lisan_mizan_ibnhajar; mughni_duafa_dhahabi,
زيد بن واقد أبو علي السمتي البصري,زيد بن واقد ابو علي السمتي البصري,2,2,general/jarḥ+taʿdīl; jarḥ (ḍuʿafāʾ),duafa_ibnjawzi; lisan_mizan_ibnhajar,
زيد بن يحيى البيع,زيد بن يحيي البيع,2,2,general/jarḥ+taʿdīl; jarḥ (ḍuʿafāʾ),lisan_mizan_ibnhajar; mughni_duafa_dhahabi,
سالم بن سلمة أبو سبرة الهذلي,سالم بن سلمه ابو سبره الهذلي,2,2,general/jarḥ+taʿdīl; jarḥ (ḍuʿafāʾ),lisan_mizan_ibnhajar; mughni_duafa_dhahabi,
سالم أبو العلاء مولى إبراهيم الطائي,سالم ابو العلا مولي ابراهيم الطايي,2,2,general/jarḥ+taʿdīl; jarḥ (ḍuʿafāʾ),lisan_mizan_ibnhajar; mughni_duafa_dhahabi,
السائب بن مالك,السايب بن مالك,2,2,general; general/jarḥ+taʿdīl,lisan_mizan_ibnhajar; tarikh_kabir_bukhari,
سعدان بن سعد الليثي,سعدان بن سعد الليثي,2,2,general; general/jarḥ+taʿdīl,lisan_mizan_ibnhajar; tarikh_kabir_bukhari,
سعد بن سعيد الجرجاني,سعد بن سعيد الجرجاني,2,2,general/jarḥ+taʿdīl; jarḥ (ḍuʿafāʾ),duafa_uqayli; lisan_mizan_ibnhajar,duafa_uqayli:ج2/ص118
سعيد بن ذي لعوة,سعيد بن ذي لعوه,2,2,biography/ṭabaqāt; general/jarḥ+taʿdīl,lisan_mizan_ibnhajar; tabaqat_ibnsad,tabaqat_ibnsad:ج8/ص273
سعيد بن أبي راشد,سعيد بن ابي راشد,2,2,general/jarḥ+taʿdīl; jarḥ (ḍuʿafāʾ),lisan_mizan_ibnhajar; mughni_duafa_dhahabi,
سعيد بن أبي سعيد العيار الصوفي,سعيد بن ابي سعيد العيار الصوفي,2,2,general/jarḥ+taʿdīl; jarḥ (ḍuʿafāʾ),lisan_mizan_ibnhajar; mughni_duafa_dhahabi,
وسعيد بن سليمان بن قهد,وسعيد بن سليمان بن قهد,2,2,general/jarḥ+taʿdīl; jarḥ (ḍuʿafāʾ),lisan_mizan_ibnhajar; mughni_duafa_dhahabi,
سعيد بن سويد,سعيد بن سويد,2,2,general; general/jarḥ+taʿdīl,lisan_mizan_ibnhajar; tarikh_kabir_bukhari,
سعيد بن شرحبيل,سعيد بن شرحبيل,2,2,biography/ṭabaqāt; general/jarḥ+taʿdīl,lisan_mizan_ibnhajar; tabaqat_ibnsad,tabaqat_ibnsad:ج8/ص535
سعيد بن عبيد الله بن الوليد الوصافي,سعيد بن عبيد الله بن الوليد الوصافي,2,2,general/jarḥ+taʿdīl; jarḥ (ḍuʿafāʾ),lisan_mizan_ibnhajar; mughni_duafa_dhahabi,mughni_duafa_dhahabi:ج1/ص263
سعيد بن عبيد بن كثير,سعيد بن عبيد بن كثير,2,2,general/jarḥ+taʿdīl; jarḥ (ḍuʿafāʾ),lisan_mizan_ibnhajar; mughni_duafa_dhahabi,
سعيد بن عثمان,سعيد بن عثمان,2,2,biography/ṭabaqāt; general/jarḥ+taʿdīl,lisan_mizan_ibnhajar; tabaqat_ibnsad,tabaqat_ibnsad:ج7/ص152
سعيد بن غنيم أبو شيبة الكلاعي,سعيد بن غنيم ابو شيبه الكلاعي,2,2,general/jarḥ+taʿdīl; jarḥ (ḍuʿafāʾ),lisan_mizan_ibnhajar; mughni_duafa_dhahabi,
سعيد بن نشيط,سعيد بن نشيط,2,2,general/jarḥ+taʿdīl; jarḥ (ḍuʿafāʾ),lisan_mizan_ibnhajar; mughni_duafa_dhahabi,
سعيد بن نمران,سعيد بن نمران,2,2,biography/ṭabaqāt; general/jarḥ+taʿdīl,lisan_mizan_ibnhajar; tabaqat_ibnsad,tabaqat_ibnsad:ج8/ص205
سعيد بن هند الخزاز,سعيد بن هند الخزاز,2,2,general/jarḥ+taʿdīl; jarḥ (ḍuʿafāʾ),lisan_mizan_ibnhajar; mughni_duafa_dhahabi,
سلام بن رزين قاضي أنطاكية,سلام بن رزين قاضي انطاكيه,2,2,general/jarḥ+taʿdīl; jarḥ (ḍuʿafāʾ),duafa_uqayli; lisan_mizan_ibnhajar,duafa_uqayli:ج2/ص163
• سلام بن قيس,سلام بن قيس,2,2,general/jarḥ+taʿdīl; jarḥ (ḍuʿafāʾ),lisan_mizan_ibnhajar; mughni_duafa_dhahabi,lisan_mizan_ibnhajar:ج4/ص101
سلام بن واقد المروزي,سلام بن واقد المروزي,2,2,general/jarḥ+taʿdīl; jarḥ (ḍuʿafāʾ),duafa_uqayli; lisan_mizan_ibnhajar,duafa_uqayli:ج2/ص162
سلام بن وهب الجندي,سلام بن وهب الجندي,2,2,general/jarḥ+taʿdīl; jarḥ (ḍuʿafāʾ),duafa_uqayli; lisan_mizan_ibnhajar,duafa_uqayli:ج2/ص162
"سلام , وقيل أبو سلام",سلام وقيل ابو سلام,2,2,general/jarḥ+taʿdīl; jarḥ (ḍuʿafāʾ),lisan_mizan_ibnhajar; mughni_duafa_dhahabi,
سلم بن عبد الله الزاهد,سلم بن عبد الله الزاهد,2,2,general/jarḥ+taʿdīl; jarḥ (ḍuʿafāʾ),lisan_mizan_ibnhajar; mughni_duafa_dhahabi,
سلم بن قادم,سلم بن قادم,2,2,biography/ṭabaqāt; general/jarḥ+taʿdīl,lisan_mizan_ibnhajar; tabaqat_ibnsad,
سلم بن محمد الوراق,سلم بن محمد الوراق,2,2,general/jarḥ+taʿdīl; jarḥ (ḍuʿafāʾ),lisan_mizan_ibnhajar; mughni_duafa_dhahabi,
سلمة بن أحمد السمرقندي,سلمه بن احمد السمرقندي,2,2,general/jarḥ+taʿdīl; jarḥ (ḍuʿafāʾ),lisan_mizan_ibnhajar; mughni_duafa_dhahabi,
سلمة بن حبيب,سلمه بن حبيب,2,2,general/jarḥ+taʿdīl; jarḥ (ḍuʿafāʾ),lisan_mizan_ibnhajar; mughni_duafa_dhahabi,
سلمة بن حرب الكلابي,سلمه بن حرب الكلابي,2,2,general/jarḥ+taʿdīl; jarḥ (ḍuʿafāʾ),lisan_mizan_ibnhajar; mughni_duafa_dhahabi,
سلمة بن أبي الطفيل,سلمه بن ابي الطفيل,2,2,general/jarḥ+taʿdīl; jarḥ (ḍuʿafāʾ),lisan_mizan_ibnhajar; mughni_duafa_dhahabi,
سليمان بن أحمد السرقسطي,سليمان بن احمد السرقسطي,2,2,general/jarḥ+taʿdīl; jarḥ (ḍuʿafāʾ),lisan_mizan_ibnhajar; mughni_duafa_dhahabi,
سليمان بن إبراهيم الأصبهاني الحافظ,سليمان بن ابراهيم الاصبهاني الحافظ,2,2,general/jarḥ+taʿdīl; jarḥ (ḍuʿafāʾ),lisan_mizan_ibnhajar; mughni_duafa_dhahabi,
سليمان بن أيوب الطلحي الكوفي,سليمان بن ايوب الطلحي الكوفي,2,2,general/jarḥ+taʿdīl; jarḥ (ḍuʿafāʾ),lisan_mizan_ibnhajar; mughni_duafa_dhahabi,
سليمان بن بشير,سليمان بن بشير,2,2,general/jarḥ+taʿdīl; jarḥ (ḍuʿafāʾ),lisan_mizan_ibnhajar; mughni_duafa_dhahabi,
سليمان بن داود مولى يحيى بن يعمر,سليمان بن داود مولي يحيي بن يعمر,2,2,general/jarḥ+taʿdīl; jarḥ (ḍuʿafāʾ),lisan_mizan_ibnhajar; mughni_duafa_dhahabi,
سليمان بن زياد الثقفي الواسطي,سليمان بن زياد الثقفي الواسطي,2,2,general/jarḥ+taʿdīl; jarḥ (ḍuʿafāʾ),duafa_uqayli; lisan_mizan_ibnhajar,duafa_uqayli:ج2/ص130
سليمان بن أبي سراج,سليمان بن ابي سراج,2,2,general/jarḥ+taʿdīl; jarḥ (ḍuʿafāʾ),lisan_mizan_ibnhajar; mughni_duafa_dhahabi,
سليمان بن شهاب,سليمان بن شهاب,2,2,biography/ṭabaqāt; general/jarḥ+taʿdīl,lisan_mizan_ibnhajar; tabaqat_ibnsad,tabaqat_ibnsad:ج8/ص321
سليمان بن عيسى بن نجيح السجزي,سليمان بن عيسي بن نجيح السجزي,2,2,general/jarḥ+taʿdīl; jarḥ (ḍuʿafāʾ),lisan_mizan_ibnhajar; mughni_duafa_dhahabi,
سليمان بن الفضل,سليمان بن الفضل,2,2,general/jarḥ+taʿdīl; jarḥ (ḍuʿafāʾ),lisan_mizan_ibnhajar; mughni_duafa_dhahabi,
سليمان بن أبي كريمة,سليمان بن ابي كريمه,2,2,general/jarḥ+taʿdīl; jarḥ (ḍuʿafāʾ),lisan_mizan_ibnhajar; mughni_duafa_dhahabi,
سليمان بن محمد الهاشمي,سليمان بن محمد الهاشمي,2,2,general/jarḥ+taʿdīl; jarḥ (ḍuʿafāʾ),duafa_uqayli; lisan_mizan_ibnhajar,duafa_uqayli:ج2/ص139
سليمان بن محمد بن حيان الموصلي,سليمان بن محمد بن حيان الموصلي,2,2,general/jarḥ+taʿdīl; jarḥ (ḍuʿafāʾ),lisan_mizan_ibnhajar; mughni_duafa_dhahabi,
سليمان بن مرثد,سليمان بن مرثد,2,2,general/jarḥ+taʿdīl; jarḥ (ḍuʿafāʾ),duafa_uqayli; lisan_mizan_ibnhajar,duafa_uqayli:ج2/ص142
سليمان بن مرقاع الجندعي,سليمان بن مرقاع الجندعي,2,2,general/jarḥ+taʿdīl; jarḥ (ḍuʿafāʾ),duafa_uqayli; lisan_mizan_ibnhajar,duafa_uqayli:ج2/ص143
سليمان بن المعافى بن سليمان الرسعني,سليمان بن المعافي بن سليمان الرسعني,2,2,general/jarḥ+taʿdīl; jarḥ (ḍuʿafāʾ),lisan_mizan_ibnhajar; mughni_duafa_dhahabi,
سليمان بن هرم,سليمان بن هرم,2,2,general/jarḥ+taʿdīl; jarḥ (ḍuʿafāʾ),duafa_uqayli; lisan_mizan_ibnhajar,duafa_uqayli:ج2/ص144
سليم بن عبد,سليم بن عبد,2,2,biography/ṭabaqāt; general/jarḥ+taʿdīl,lisan_mizan_ibnhajar; tabaqat_ibnsad,tabaqat_ibnsad:ج8/ص335
سمعان بن مهدي,سمعان بن مهدي,2,2,general/jarḥ+taʿdīl; jarḥ (ḍuʿafāʾ),lisan_mizan_ibnhajar; mughni_duafa_dhahabi,
سهل بن إدريس,سهل بن ادريس,2,2,general/jarḥ+taʿdīl; jarḥ (ḍuʿafāʾ),lisan_mizan_ibnhajar; mughni_duafa_dhahabi,
سهل بن خاقان,سهل بن خاقان,2,2,general/jarḥ+taʿdīl; jarḥ (ḍuʿafāʾ),lisan_mizan_ibnhajar; mughni_duafa_dhahabi,
سهل بن رجاء,سهل بن رجا,2,2,general/jarḥ+taʿdīl; jarḥ (ḍuʿafāʾ),lisan_mizan_ibnhajar; mughni_duafa_dhahabi,
سهل بن أبي سهل,سهل بن ابي سهل,2,2,general; general/jarḥ+taʿdīl,lisan_mizan_ibnhajar; tarikh_kabir_bukhari,
سهل بن صخر,سهل بن صخر,2,2,general/jarḥ+taʿdīl; jarḥ (ḍuʿafāʾ),lisan_mizan_ibnhajar; mughni_duafa_dhahabi,
سهل بن عامر البجلي,سهل بن عامر البجلي,2,2,general/jarḥ+taʿdīl; jarḥ (ḍuʿafāʾ),lisan_mizan_ibnhajar; mughni_duafa_dhahabi,mughni_duafa_dhahabi:ج1/ص287
سيف بن هارون,سيف بن هارون,2,2,biography/ṭabaqāt; general/jarḥ+taʿdīl,lisan_mizan_ibnhajar; tabaqat_ibnsad,
شاهين بن حيان أخو فهد,شاهين بن حيان اخو فهد,2,2,general/jarḥ+taʿdīl; jarḥ (ḍuʿafāʾ),lisan_mizan_ibnhajar; mughni_duafa_dhahabi,
شجاع بن عبد الرحمن,شجاع بن عبد الرحمن,2,2,general/jarḥ+taʿdīl; jarḥ (ḍuʿafāʾ),lisan_mizan_ibnhajar; mughni_duafa_dhahabi,
شعيب بن أحمد البغدادي,شعيب بن احمد البغدادي,2,2,general/jarḥ+taʿdīl; jarḥ (ḍuʿafāʾ),lisan_mizan_ibnhajar; mughni_duafa_dhahabi,
شعيب بن حرب وليس بالمدائني,شعيب بن حرب وليس بالمدايني,2,2,general/jarḥ+taʿdīl; jarḥ (ḍuʿafāʾ),lisan_mizan_ibnhajar; mughni_duafa_dhahabi,mughni_duafa_dhahabi:ج1/ص298
شملة بن منيب الكلبي,شمله بن منيب الكلبي,2,2,general/jarḥ+taʿdīl; jarḥ (ḍuʿafāʾ),lisan_mizan_ibnhajar; mughni_duafa_dhahabi,
صاعد بن الحسن الربعي أبو العلاء الأديب,صاعد بن الحسن الربعي ابو العلا الاديب,2,2,general/jarḥ+taʿdīl; jarḥ (ḍuʿafāʾ),lisan_mizan_ibnhajar; mughni_duafa_dhahabi,
صاعد بن مسلم وقيل: ابن محمد أبو العلاء,صاعد بن مسلم وقيل ابن محمد ابو العلا,2,2,general/jarḥ+taʿdīl; jarḥ (ḍuʿafāʾ),duafa_ibnjawzi; lisan_mizan_ibnhajar,
صالح بن إبراهيم بن محمد بن طلحة بن عبيد الله,صالح بن ابراهيم بن محمد بن طلحه بن عبيد الله,2,2,general/jarḥ+taʿdīl; jarḥ (ḍuʿafāʾ),lisan_mizan_ibnhajar; mughni_duafa_dhahabi,
صالح بن أبي الأسود الكوفي الحناط,صالح بن ابي الاسود الكوفي الحناط,2,2,general/jarḥ+taʿdīl; jarḥ (ḍuʿafāʾ),lisan_mizan_ibnhajar; mughni_duafa_dhahabi,
صالح بن بشر السدوسي,صالح بن بشر السدوسي,2,2,general/jarḥ+taʿdīl; jarḥ (ḍuʿafāʾ),lisan_mizan_ibnhajar; mughni_duafa_dhahabi,
صالح بن راشد,صالح بن راشد,2,2,biography; general/jarḥ+taʿdīl,lisan_mizan_ibnhajar; siyar_dhahabi,
صالح بن رؤبة,صالح بن روبه,2,2,general/jarḥ+taʿdīl; jarḥ (ḍuʿafāʾ),lisan_mizan_ibnhajar; mughni_duafa_dhahabi,
صالح بن سرج,صالح بن سرج,2,2,general/jarḥ+taʿdīl; jarḥ (ḍuʿafāʾ),duafa_uqayli; lisan_mizan_ibnhajar,duafa_uqayli:ج2/ص204
صالح بن عبد الجبار,صالح بن عبد الجبار,2,2,general/jarḥ+taʿdīl; jarḥ (ḍuʿafāʾ),lisan_mizan_ibnhajar; mughni_duafa_dhahabi,
صالح بن واقد الليثي,صالح بن واقد الليثي,2,2,general/jarḥ+taʿdīl; jarḥ (ḍuʿafāʾ),lisan_mizan_ibnhajar; mughni_duafa_dhahabi,
صباح بن موسى,صباح بن موسي,2,2,general/jarḥ+taʿdīl; jarḥ (ḍuʿafāʾ),lisan_mizan_ibnhajar; mughni_duafa_dhahabi,
صباح بن يحيى,صباح بن يحيي,2,2,general/jarḥ+taʿdīl; jarḥ (ḍuʿafāʾ),duafa_uqayli; lisan_mizan_ibnhajar,duafa_uqayli:ج2/ص212
الصبي بن الأشعث السلولي,الصبي بن الاشعث السلولي,2,2,general/jarḥ+taʿdīl; jarḥ (ḍuʿafāʾ),lisan_mizan_ibnhajar; mughni_duafa_dhahabi,mughni_duafa_dhahabi:ج1/ص306
صدقة بن الحسين البغدادي الحنبلي الناسخ,صدقه بن الحسين البغدادي الحنبلي الناسخ,2,2,general/jarḥ+taʿdīl; jarḥ (ḍuʿafāʾ),lisan_mizan_ibnhajar; mughni_duafa_dhahabi,
صدقة بن موسى بن تميم,صدقه بن موسي بن تميم,2,2,general/jarḥ+taʿdīl; jarḥ (ḍuʿafāʾ),lisan_mizan_ibnhajar; mughni_duafa_dhahabi,
صدقة بن يسار,صدقه بن يسار,2,2,biography/ṭabaqāt; general/jarḥ+taʿdīl,lisan_mizan_ibnhajar; tabaqat_ibnsad,tabaqat_ibnsad:ج8/ص46
صغدي بن عبد الله,صغدي بن عبد الله,2,2,general/jarḥ+taʿdīl; jarḥ (ḍuʿafāʾ),lisan_mizan_ibnhajar; mughni_duafa_dhahabi,
صهيب بن مهران,صهيب بن مهران,2,2,general/jarḥ+taʿdīl; jarḥ (ḍuʿafāʾ),lisan_mizan_ibnhajar; mughni_duafa_dhahabi,
الضحاك بن زيد الأهوازي,الضحاك بن زيد الاهوازي,2,2,general/jarḥ+taʿdīl; jarḥ (ḍuʿafāʾ),duafa_uqayli; lisan_mizan_ibnhajar,duafa_uqayli:ج2/ص221
الضحاك بن عباد,الضحاك بن عباد,2,2,general/jarḥ+taʿdīl; jarḥ (ḍuʿafāʾ),duafa_uqayli; lisan_mizan_ibnhajar,duafa_uqayli:ج2/ص220
ضرار بن سهل,ضرار بن سهل,2,2,general/jarḥ+taʿdīl; jarḥ (ḍuʿafāʾ),lisan_mizan_ibnhajar; mughni_duafa_dhahabi,
ضرار بن مسعود,ضرار بن مسعود,2,2,general/jarḥ+taʿdīl; jarḥ (ḍuʿafāʾ),lisan_mizan_ibnhajar; mughni_duafa_dhahabi,
طالب بن السميدع,طالب بن السميدع,2,2,general; general/jarḥ+taʿdīl,lisan_mizan_ibnhajar; tarikh_kabir_bukhari,
عاصم بن مخلد,عاصم بن مخلد,2,2,general/jarḥ+taʿdīl; jarḥ (ḍuʿafāʾ),duafa_uqayli; lisan_mizan_ibnhajar,duafa_uqayli:ج3/ص339
عاصم بن مضرس,عاصم بن مضرس,2,2,general/jarḥ+taʿdīl; jarḥ (ḍuʿafāʾ),duafa_uqayli; lisan_mizan_ibnhajar,duafa_uqayli:ج3/ص338
عامر بن أبي الحسين الواسطي,عامر بن ابي الحسين الواسطي,2,2,general/jarḥ+taʿdīl; jarḥ (ḍuʿafāʾ),duafa_uqayli; lisan_mizan_ibnhajar,duafa_uqayli:ج3/ص311
عامر بن هني,عامر بن هني,2,2,general/jarḥ+taʿdīl; jarḥ (ḍuʿafāʾ),duafa_uqayli; lisan_mizan_ibnhajar,duafa_uqayli:ج3/ص307
عباية بن ربعي,عبايه بن ربعي,2,2,biography/ṭabaqāt; general/jarḥ+taʿdīl,lisan_mizan_ibnhajar; tabaqat_ibnsad,
عبد الله بن جابر,عبد الله بن جابر,2,2,general/jarḥ+taʿdīl; jarḥ (ḍuʿafāʾ),duafa_uqayli; lisan_mizan_ibnhajar,duafa_uqayli:ج2/ص238
عبد الله بن جرير,عبد الله بن جرير,2,2,general; general/jarḥ+taʿdīl,lisan_mizan_ibnhajar; tarikh_kabir_bukhari,
عبد الله بن حلام,عبد الله بن حلام,2,2,biography/ṭabaqāt; general/jarḥ+taʿdīl,lisan_mizan_ibnhajar; tabaqat_ibnsad,tabaqat_ibnsad:ج8/ص323
عبد الله بن سيدان المطرودي,عبد الله بن سيدان المطرودي,2,2,general/jarḥ+taʿdīl; jarḥ (ḍuʿafāʾ),duafa_uqayli; lisan_mizan_ibnhajar,duafa_uqayli:ج2/ص265
عبد الله بن عبد الرحمن المسمعي,عبد الله بن عبد الرحمن المسمعي,2,2,general/jarḥ+taʿdīl; jarḥ (ḍuʿafāʾ),duafa_uqayli; lisan_mizan_ibnhajar,duafa_uqayli:ج2/ص273
عبد الله بن عطية بن سعد,عبد الله بن عطيه بن سعد,2,2,general/jarḥ+taʿdīl; jarḥ (ḍuʿafāʾ),duafa_uqayli; lisan_mizan_ibnhajar,duafa_uqayli:ج2/ص285
عبد الله بن عمرو بن لويم,عبد الله بن عمرو بن لويم,2,2,general; general/jarḥ+taʿdīl,lisan_mizan_ibnhajar; tarikh_kabir_bukhari,tarikh_kabir_bukhari:ج5/ص5
عبد الله بن عيسى الجندي,عبد الله بن عيسي الجندي,2,2,general/jarḥ+taʿdīl; jarḥ (ḍuʿafāʾ),duafa_uqayli; lisan_mizan_ibnhajar,duafa_uqayli:ج2/ص286
عبد الله بن القاسم,عبد الله بن القاسم,2,2,general; general/jarḥ+taʿdīl,lisan_mizan_ibnhajar; tarikh_kabir_bukhari,
عبد الله بن قنبر,عبد الله بن قنبر,2,2,general/jarḥ+taʿdīl; jarḥ (ḍuʿafāʾ),duafa_uqayli; lisan_mizan_ibnhajar,duafa_uqayli:ج2/ص289
عبد الله بن قيس الرقاشي,عبد الله بن قيس الرقاشي,2,2,general/jarḥ+taʿdīl; jarḥ (ḍuʿafāʾ),duafa_uqayli; lisan_mizan_ibnhajar,duafa_uqayli:ج2/ص289
عبد الله بن كثير,عبد الله بن كثير,2,2,biography/ṭabaqāt; general/jarḥ+taʿdīl,lisan_mizan_ibnhajar; tabaqat_ibnsad,tabaqat_ibnsad:ج8/ص45
عبد الله بن محمد العدوي,عبد الله بن محمد العدوي,2,2,general/jarḥ+taʿdīl; jarḥ (ḍuʿafāʾ),duafa_uqayli; lisan_mizan_ibnhajar,duafa_uqayli:ج2/ص297
عبد الله بن مسعر بن كدام,عبد الله بن مسعر بن كدام,2,2,general/jarḥ+taʿdīl; jarḥ (ḍuʿafāʾ),duafa_uqayli; lisan_mizan_ibnhajar,duafa_uqayli:ج2/ص304
عبد الله بن المسور بن عون بن جعفر بن أبي طالب أبو جعفر الهاشمي المدائني,عبد الله بن المسور بن عون بن جعفر بن ابي طالب ابو جعفر الهاشمي المدايني,2,2,general/jarḥ+taʿdīl; jarḥ (ḍuʿafāʾ),duafa_uqayli; lisan_mizan_ibnhajar,duafa_uqayli:ج2/ص306
عبد الله بن المطلب العجلي,عبد الله بن المطلب العجلي,2,2,general/jarḥ+taʿdīl; jarḥ (ḍuʿafāʾ),duafa_uqayli; lisan_mizan_ibnhajar,duafa_uqayli:ج2/ص305
عبد الله بن معاوية,عبد الله بن معاويه,2,2,biography/ṭabaqāt; general/jarḥ+taʿdīl,lisan_mizan_ibnhajar; tabaqat_ibnsad,tabaqat_ibnsad:ج7/ص481
عبد الله بن المنكدر بن محمد بن المنكدر,عبد الله بن المنكدر بن محمد بن المنكدر,2,2,general/jarḥ+taʿdīl; jarḥ (ḍuʿafāʾ),duafa_uqayli; lisan_mizan_ibnhajar,duafa_uqayli:ج2/ص303
عبد الله بن يعلى بن مرة الثقفي,عبد الله بن يعلي بن مره الثقفي,2,2,general/jarḥ+taʿdīl; jarḥ (ḍuʿafāʾ),duafa_uqayli; lisan_mizan_ibnhajar,duafa_uqayli:ج2/ص318
عبد الأعلى بن حكيم,عبد الاعلي بن حكيم,2,2,general/jarḥ+taʿdīl; jarḥ (ḍuʿafāʾ),duafa_uqayli; lisan_mizan_ibnhajar,duafa_uqayli:ج3/ص60
عبد الباقي بن قانع أبو الحسين الحافظ,عبد الباقي بن قانع ابو الحسين الحافظ,2,2,general/jarḥ+taʿdīl; ikhtilāṭ,ightibat_sibt_ibnajami; lisan_mizan_ibnhajar,
عبد الجبار بن المغيرة,عبد الجبار بن المغيره,2,2,general/jarḥ+taʿdīl; jarḥ (ḍuʿafāʾ),duafa_uqayli; lisan_mizan_ibnhajar,
عبد الجبار بن نافع الضبي,عبد الجبار بن نافع الضبي,2,2,general/jarḥ+taʿdīl; jarḥ (ḍuʿafāʾ),duafa_uqayli; lisan_mizan_ibnhajar,duafa_uqayli:ج3/ص89
عبد الجبار بن وهب,عبد الجبار بن وهب,2,2,general/jarḥ+taʿdīl; jarḥ (ḍuʿafāʾ),duafa_uqayli; lisan_mizan_ibnhajar,duafa_uqayli:ج3/ص89
عبد الحميد بن زيد العمي,عبد الحميد بن زيد العمي,2,2,general/jarḥ+taʿdīl; jarḥ (ḍuʿafāʾ),duafa_uqayli; lisan_mizan_ibnhajar,duafa_uqayli:ج3/ص48
عبد الحميد بن سوار,عبد الحميد بن سوار,2,2,general; general/jarḥ+taʿdīl,lisan_mizan_ibnhajar; tarikh_kabir_bukhari,
عبد الحميد بن يحيى,عبد الحميد بن يحيي,2,2,general/jarḥ+taʿdīl; jarḥ (ḍuʿafāʾ),duafa_uqayli; lisan_mizan_ibnhajar,duafa_uqayli:ج3/ص40
عبد الرحمن بن أيوب السكوني,عبد الرحمن بن ايوب السكوني,2,2,general/jarḥ+taʿdīl; jarḥ (ḍuʿafāʾ),duafa_uqayli; lisan_mizan_ibnhajar,duafa_uqayli:ج2/ص323
عبد الرحمن بن بشر الغطفاني,عبد الرحمن بن بشر الغطفاني,2,2,general/jarḥ+taʿdīl; jarḥ (ḍuʿafāʾ),duafa_uqayli; lisan_mizan_ibnhajar,duafa_uqayli:ج2/ص324
عبد الرحمن بن ثابت,عبد الرحمن بن ثابت,2,2,biography/ṭabaqāt; general/jarḥ+taʿdīl,lisan_mizan_ibnhajar; tabaqat_ibnsad,tabaqat_ibnsad:ج4/ص239
عبد الرحمن بن خضير,عبد الرحمن بن خضير,2,2,general/jarḥ+taʿdīl; jarḥ (ḍuʿafāʾ),duafa_uqayli; lisan_mizan_ibnhajar,
عبد الرحمن بن صفوان,عبد الرحمن بن صفوان,2,2,biography/ṭabaqāt; general/jarḥ+taʿdīl,lisan_mizan_ibnhajar; tabaqat_ibnsad,tabaqat_ibnsad:ج8/ص22
عبد الرحمن بن ضباب الأشعري,عبد الرحمن بن ضباب الاشعري,2,2,general/jarḥ+taʿdīl; jarḥ (ḍuʿafāʾ),duafa_uqayli; lisan_mizan_ibnhajar,duafa_uqayli:ج2/ص334
عبد الرحمن بن عبد الله بن عطية,عبد الرحمن بن عبد الله بن عطيه,2,2,general/jarḥ+taʿdīl; jarḥ (ḍuʿafāʾ),duafa_uqayli; lisan_mizan_ibnhajar,duafa_uqayli:ج2/ص340
عبد الرحمن بن علي بن عجلان القرشي,عبد الرحمن بن علي بن عجلان القرشي,2,2,general/jarḥ+taʿdīl; jarḥ (ḍuʿafāʾ),duafa_uqayli; lisan_mizan_ibnhajar,duafa_uqayli:ج2/ص341
عبد الرحمن بن مالك بن مغول,عبد الرحمن بن مالك بن مغول,2,2,general/jarḥ+taʿdīl; jarḥ (ḍuʿafāʾ),duafa_uqayli; lisan_mizan_ibnhajar,duafa_uqayli:ج2/ص345
عبد الرحمن بن محمد بن عبيد الله العرزمي,عبد الرحمن بن محمد بن عبيد الله العرزمي,2,2,general/jarḥ+taʿdīl; jarḥ (ḍuʿafāʾ),duafa_ibnjawzi; lisan_mizan_ibnhajar,
عبد الرحمن بن معبد,عبد الرحمن بن معبد,2,2,biography/ṭabaqāt; general/jarḥ+taʿdīl,lisan_mizan_ibnhajar; tabaqat_ibnsad,
عبد الرحمن بن يحيى بن سعيد الأنصاري,عبد الرحمن بن يحيي بن سعيد الانصاري,2,2,general/jarḥ+taʿdīl; jarḥ (ḍuʿafāʾ),duafa_uqayli; lisan_mizan_ibnhajar,duafa_uqayli:ج2/ص350
عبد الرحمن السدي,عبد الرحمن السدي,2,2,general/jarḥ+taʿdīl; jarḥ (ḍuʿafāʾ),duafa_uqayli; lisan_mizan_ibnhajar,duafa_uqayli:ج3/ص3
عبد الرحمن ابن أخي محمد بن المنكدر,عبد الرحمن ابن اخي محمد بن المنكدر,2,2,general/jarḥ+taʿdīl; jarḥ (ḍuʿafāʾ),duafa_uqayli; lisan_mizan_ibnhajar,duafa_uqayli:ج3/ص4
عبد الرحيم بن خالد الأيلي,عبد الرحيم بن خالد الايلي,2,2,general/jarḥ+taʿdīl; jarḥ (ḍuʿafāʾ),duafa_uqayli; lisan_mizan_ibnhajar,duafa_uqayli:ج3/ص80
عبد السلام بن سهل أبو علي السكري,عبد السلام بن سهل ابو علي السكري,2,2,general/jarḥ+taʿdīl; ikhtilāṭ,ightibat_sibt_ibnajami; lisan_mizan_ibnhajar,
عبد الصمد بن سليمان الأزرق,عبد الصمد بن سليمان الازرق,2,2,general/jarḥ+taʿdīl; jarḥ (ḍuʿafāʾ),duafa_uqayli; lisan_mizan_ibnhajar,duafa_uqayli:ج3/ص82
عبد العزيز بن الحصين بن الترجمان أبو سهل,عبد العزيز بن الحصين بن الترجمان ابو سهل,2,2,general/jarḥ+taʿdīl; jarḥ (ḍuʿafāʾ),duafa_ibnjawzi; lisan_mizan_ibnhajar,
عبد العزيز بن عقبة بن سلمة بن الأكوع,عبد العزيز بن عقبه بن سلمه بن الاكوع,2,2,general/jarḥ+taʿdīl; jarḥ (ḍuʿafāʾ),duafa_uqayli; lisan_mizan_ibnhajar,duafa_uqayli:ج3/ص13
عبد الكريم بن كيسان,عبد الكريم بن كيسان,2,2,general/jarḥ+taʿdīl; jarḥ (ḍuʿafāʾ),duafa_uqayli; lisan_mizan_ibnhajar,duafa_uqayli:ج3/ص64
عبد الملك بن أبي جمعة,عبد الملك بن ابي جمعه,2,2,general/jarḥ+taʿdīl; jarḥ (ḍuʿafāʾ),duafa_uqayli; lisan_mizan_ibnhajar,duafa_uqayli:ج3/ص28
عبد الملك بن خلج الصنعاني,عبد الملك بن خلج الصنعاني,2,2,general/jarḥ+taʿdīl; jarḥ (ḍuʿafāʾ),duafa_uqayli; lisan_mizan_ibnhajar,duafa_uqayli:ج3/ص37
عبد الملك بن محمد,عبد الملك بن محمد,2,2,biography/ṭabaqāt; general/jarḥ+taʿdīl,lisan_mizan_ibnhajar; tabaqat_ibnsad,tabaqat_ibnsad:ج7/ص585
عبد المؤمن بن سالم بن ميمون,عبد المومن بن سالم بن ميمون,2,2,general/jarḥ+taʿdīl; jarḥ (ḍuʿafāʾ),duafa_uqayli; lisan_mizan_ibnhajar,duafa_uqayli:ج3/ص93
عبد المؤمن بن القاسم الأنصاري,عبد المومن بن القاسم الانصاري,2,2,general/jarḥ+taʿdīl; jarḥ (ḍuʿafāʾ),duafa_uqayli; lisan_mizan_ibnhajar,duafa_uqayli:ج3/ص92
عبد الواحد بن ثابت الباهلي,عبد الواحد بن ثابت الباهلي,2,2,general/jarḥ+taʿdīl; jarḥ (ḍuʿafāʾ),duafa_uqayli; lisan_mizan_ibnhajar,duafa_uqayli:ج3/ص50
عبد الواحد بن أبي عمرو الأسدي,عبد الواحد بن ابي عمرو الاسدي,2,2,general/jarḥ+taʿdīl; jarḥ (ḍuʿafāʾ),duafa_uqayli; lisan_mizan_ibnhajar,duafa_uqayli:ج3/ص56
عبد الوهاب بن هشام بن الغاز,عبد الوهاب بن هشام بن الغاز,2,2,general/jarḥ+taʿdīl; jarḥ (ḍuʿafāʾ),duafa_uqayli; lisan_mizan_ibnhajar,duafa_uqayli:ج3/ص77
عبيد الله بن تمام [بن قيس] أبو عاصم,عبيد الله بن تمام بن قيس ابو عاصم,2,2,general/jarḥ+taʿdīl; jarḥ (ḍuʿafāʾ),duafa_ibnjawzi; lisan_mizan_ibnhajar,
عبيد بن أبي قرة,عبيد بن ابي قره,2,2,biography/ṭabaqāt; general/jarḥ+taʿdīl,lisan_mizan_ibnhajar; tabaqat_ibnsad,
عتبة بن أبي سليمان الطائي,عتبه بن ابي سليمان الطايي,2,2,general/jarḥ+taʿdīl; jarḥ (ḍuʿafāʾ),duafa_ibnjawzi; lisan_mizan_ibnhajar,
عتبة بن أبي عتبة الفزاري,عتبه بن ابي عتبه الفزاري,2,2,general/jarḥ+taʿdīl; jarḥ (ḍuʿafāʾ),duafa_uqayli; lisan_mizan_ibnhajar,duafa_uqayli:ج3/ص330
عثمان بن حكيم,عثمان بن حكيم,2,2,biography/ṭabaqāt; general/jarḥ+taʿdīl,lisan_mizan_ibnhajar; tabaqat_ibnsad,
عثمان بن داود,عثمان بن داود,2,2,general/jarḥ+taʿdīl; jarḥ (ḍuʿafāʾ),duafa_uqayli; lisan_mizan_ibnhajar,duafa_uqayli:ج3/ص201
عثمان بن زائدة,عثمان بن زايده,2,2,general/jarḥ+taʿdīl; jarḥ (ḍuʿafāʾ),duafa_uqayli; lisan_mizan_ibnhajar,duafa_uqayli:ج3/ص202
عثمان بن سالم,عثمان بن سالم,2,2,general/jarḥ+taʿdīl; jarḥ (ḍuʿafāʾ),duafa_uqayli; lisan_mizan_ibnhajar,duafa_uqayli:ج3/ص203
عثمان بن عبد الله العبدي,عثمان بن عبد الله العبدي,2,2,general/jarḥ+taʿdīl; jarḥ (ḍuʿafāʾ),duafa_uqayli; lisan_mizan_ibnhajar,duafa_uqayli:ج3/ص206
عثمان بن قيس,عثمان بن قيس,2,2,general; general/jarḥ+taʿdīl,lisan_mizan_ibnhajar; tarikh_kabir_bukhari,
عثمان بن موسى المزني,عثمان بن موسي المزني,2,2,general/jarḥ+taʿdīl; jarḥ (ḍuʿafāʾ),duafa_uqayli; lisan_mizan_ibnhajar,duafa_uqayli:ج3/ص215
"عثمان , مؤذن بني أفصى",عثمان موذن بني افصي,2,2,general/jarḥ+taʿdīl; jarḥ (ḍuʿafāʾ),duafa_uqayli; lisan_mizan_ibnhajar,duafa_uqayli:ج3/ص216
عجلان بن سهل الباهلي,عجلان بن سهل الباهلي,2,2,general/jarḥ+taʿdīl; jarḥ (ḍuʿafāʾ),duafa_uqayli; lisan_mizan_ibnhajar,
عروة بن علي السهمي,عروه بن علي السهمي,2,2,general/jarḥ+taʿdīl; jarḥ (ḍuʿafāʾ),duafa_uqayli; lisan_mizan_ibnhajar,duafa_uqayli:ج3/ص364
عصمة بن المتوكل,عصمه بن المتوكل,2,2,general/jarḥ+taʿdīl; jarḥ (ḍuʿafāʾ),duafa_uqayli; lisan_mizan_ibnhajar,duafa_uqayli:ج3/ص340
عطارد بن عبد الله,عطارد بن عبد الله,2,2,general; general/jarḥ+taʿdīl,lisan_mizan_ibnhajar; tarikh_kabir_bukhari,
عطية بن بسر,عطيه بن بسر,2,2,general/jarḥ+taʿdīl; jarḥ (ḍuʿafāʾ),duafa_uqayli; lisan_mizan_ibnhajar,duafa_uqayli:ج3/ص356
عطية بن عارض,عطيه بن عارض,2,2,general/jarḥ+taʿdīl; jarḥ (ḍuʿafāʾ),duafa_uqayli; lisan_mizan_ibnhajar,
عقبة بن شداد بن أمية,عقبه بن شداد بن اميه,2,2,general/jarḥ+taʿdīl; jarḥ (ḍuʿafāʾ),duafa_uqayli; lisan_mizan_ibnhajar,duafa_uqayli:ج3/ص352
عقبة بن عبد الله العنزي,عقبه بن عبد الله العنزي,2,2,general/jarḥ+taʿdīl; jarḥ (ḍuʿafāʾ),duafa_uqayli; lisan_mizan_ibnhajar,duafa_uqayli:ج3/ص353
عقبة بن علي,عقبه بن علي,2,2,general/jarḥ+taʿdīl; jarḥ (ḍuʿafāʾ),duafa_uqayli; lisan_mizan_ibnhajar,duafa_uqayli:ج3/ص352
عكاشة بن محصن,عكاشه بن محصن,2,2,biography/ṭabaqāt; general/jarḥ+taʿdīl,lisan_mizan_ibnhajar; tabaqat_ibnsad,tabaqat_ibnsad:ج3/ص86
عكرمة بن أسد الحضرمي,عكرمه بن اسد الحضرمي,2,2,general/jarḥ+taʿdīl; jarḥ (ḍuʿafāʾ),duafa_uqayli; lisan_mizan_ibnhajar,duafa_uqayli:ج3/ص379
العلاء بن الحجاج 2,العلا بن الحجاج,2,2,general; general/jarḥ+taʿdīl,lisan_mizan_ibnhajar; tarikh_kabir_bukhari,
العلاء بن ميمون,العلا بن ميمون,2,2,general/jarḥ+taʿdīl; jarḥ (ḍuʿafāʾ),duafa_uqayli; lisan_mizan_ibnhajar,duafa_uqayli:ج3/ص346
علي بن حميد السلولي,علي بن حميد السلولي,2,2,general/jarḥ+taʿdīl; jarḥ (ḍuʿafāʾ),duafa_uqayli; lisan_mizan_ibnhajar,duafa_uqayli:ج3/ص228
علي بن ربيعة القرشي,علي بن ربيعه القرشي,2,2,general/jarḥ+taʿdīl; jarḥ (ḍuʿafāʾ),duafa_uqayli; lisan_mizan_ibnhajar,duafa_uqayli:ج3/ص229
علي بن عيسى الأصمعي,علي بن عيسي الاصمعي,2,2,general/jarḥ+taʿdīl; jarḥ (ḍuʿafāʾ),duafa_uqayli; lisan_mizan_ibnhajar,duafa_uqayli:ج3/ص244
علي بن القاسم الكندي,علي بن القاسم الكندي,2,2,general/jarḥ+taʿdīl; jarḥ (ḍuʿafāʾ),duafa_uqayli; lisan_mizan_ibnhajar,duafa_uqayli:ج3/ص248
علي بن مالك العبدي,علي بن مالك العبدي,2,2,general/jarḥ+taʿdīl; jarḥ (ḍuʿafāʾ),duafa_uqayli; lisan_mizan_ibnhajar,duafa_uqayli:ج3/ص251
علي بن أبي محمد,علي بن ابي محمد,2,2,general/jarḥ+taʿdīl; jarḥ (ḍuʿafāʾ),duafa_uqayli; lisan_mizan_ibnhajar,duafa_uqayli:ج3/ص251
علي بن يونس البلخي,علي بن يونس البلخي,2,2,general/jarḥ+taʿdīl; jarḥ (ḍuʿafāʾ),duafa_uqayli; lisan_mizan_ibnhajar,duafa_uqayli:ج3/ص256
عمار بن زربي أبو المعتمر,عمار بن زربي ابو المعتمر,2,2,general/jarḥ+taʿdīl; jarḥ (ḍuʿafāʾ),duafa_uqayli; lisan_mizan_ibnhajar,duafa_uqayli:ج3/ص327
عمار بن عمر بن المختار,عمار بن عمر بن المختار,2,2,general/jarḥ+taʿdīl; jarḥ (ḍuʿafāʾ),duafa_uqayli; lisan_mizan_ibnhajar,duafa_uqayli:ج3/ص325
عمارة بن عمير,عماره بن عمير,2,2,biography/ṭabaqāt; general/jarḥ+taʿdīl,lisan_mizan_ibnhajar; tabaqat_ibnsad,tabaqat_ibnsad:ج8/ص405
عمر بن حفص بن محبر,عمر بن حفص بن محبر,2,2,general/jarḥ+taʿdīl; jarḥ (ḍuʿafāʾ),duafa_uqayli; lisan_mizan_ibnhajar,duafa_uqayli:ج3/ص154
عمر بن ذر,عمر بن ذر,2,2,biography/ṭabaqāt; general/jarḥ+taʿdīl,lisan_mizan_ibnhajar; tabaqat_ibnsad,tabaqat_ibnsad:ج8/ص482
عمر بن سعد,عمر بن سعد,2,2,biography/ṭabaqāt; general/jarḥ+taʿdīl,lisan_mizan_ibnhajar; tabaqat_ibnsad,tabaqat_ibnsad:ج7/ص166
عمر بن سعيد الدمشقي أبو حفص.</span>,عمر بن سعيد الدمشقي ابو حفص,2,2,general/jarḥ+taʿdīl; jarḥ (ḍuʿafāʾ),duafa_uqayli; lisan_mizan_ibnhajar,
عمر بن شوذب,عمر بن شوذب,2,2,general/jarḥ+taʿdīl; jarḥ (ḍuʿafāʾ),duafa_uqayli; lisan_mizan_ibnhajar,duafa_uqayli:ج3/ص172
عمر بن صالح الواسطي,عمر بن صالح الواسطي,2,2,general/jarḥ+taʿdīl; jarḥ (ḍuʿafāʾ),duafa_uqayli; lisan_mizan_ibnhajar,duafa_uqayli:ج3/ص174
عمر بن صبيح الكندي,عمر بن صبيح الكندي,2,2,general/jarḥ+taʿdīl; jarḥ (ḍuʿafāʾ),duafa_uqayli; lisan_mizan_ibnhajar,duafa_uqayli:ج3/ص175
عمر بن أبي ليلى,عمر بن ابي ليلي,2,2,general; general/jarḥ+taʿdīl,lisan_mizan_ibnhajar; tarikh_kabir_bukhari,tarikh_kabir_bukhari:ج6/ص189
عمر بن مصعب بن الزبير,عمر بن مصعب بن الزبير,2,2,general/jarḥ+taʿdīl; jarḥ (ḍuʿafāʾ),duafa_uqayli; lisan_mizan_ibnhajar,duafa_uqayli:ج3/ص189
عمر بن يعقوب 3,عمر بن يعقوب,2,2,general; general/jarḥ+taʿdīl,lisan_mizan_ibnhajar; tarikh_kabir_bukhari,
عمر بن يونس,عمر بن يونس,2,2,biography/ṭabaqāt; general/jarḥ+taʿdīl,lisan_mizan_ibnhajar; tabaqat_ibnsad,tabaqat_ibnsad:ج8/ص117
عمران بن قيس,عمران بن قيس,2,2,general/jarḥ+taʿdīl; jarḥ (ḍuʿafāʾ),duafa_uqayli; lisan_mizan_ibnhajar,
عمران بن ميثم,عمران بن ميثم,2,2,general/jarḥ+taʿdīl; jarḥ (ḍuʿafāʾ),duafa_uqayli; lisan_mizan_ibnhajar,duafa_uqayli:ج3/ص306
عمرو بن أوس,عمرو بن اوس,2,2,biography/ṭabaqāt; general/jarḥ+taʿdīl,lisan_mizan_ibnhajar; tabaqat_ibnsad,tabaqat_ibnsad:ج8/ص79
عمرو بن بعجة,عمرو بن بعجه,2,2,biography/ṭabaqāt; general/jarḥ+taʿdīl,lisan_mizan_ibnhajar; tabaqat_ibnsad,tabaqat_ibnsad:ج8/ص363
عمرو بن سعد,عمرو بن سعد,2,2,biography/ṭabaqāt; general/jarḥ+taʿdīl,lisan_mizan_ibnhajar; tabaqat_ibnsad,tabaqat_ibnsad:ج7/ص167
عمرو بن عبد الرحمن العسقلاني 1,عمرو بن عبد الرحمن العسقلاني,2,2,general; general/jarḥ+taʿdīl,lisan_mizan_ibnhajar; tarikh_kabir_bukhari,
عمرو بن عبد الغفار الفقيمي,عمرو بن عبد الغفار الفقيمي,2,2,general/jarḥ+taʿdīl; jarḥ (ḍuʿafāʾ),duafa_uqayli; lisan_mizan_ibnhajar,duafa_uqayli:ج3/ص286
عمرو بن عثمان الثقفي,عمرو بن عثمان الثقفي,2,2,general/jarḥ+taʿdīl; jarḥ (ḍuʿafāʾ),duafa_uqayli; lisan_mizan_ibnhajar,duafa_uqayli:ج3/ص288
عمرو بن عطية العوفي,عمرو بن عطيه العوفي,2,2,general/jarḥ+taʿdīl; jarḥ (ḍuʿafāʾ),duafa_uqayli; lisan_mizan_ibnhajar,duafa_uqayli:ج3/ص290
عمرو بن النضر,عمرو بن النضر,2,2,general/jarḥ+taʿdīl; jarḥ (ḍuʿafāʾ),duafa_uqayli; lisan_mizan_ibnhajar,duafa_uqayli:ج3/ص293
عمير بن عمران الحنفي,عمير بن عمران الحنفي,2,2,general/jarḥ+taʿdīl; jarḥ (ḍuʿafāʾ),duafa_uqayli; lisan_mizan_ibnhajar,duafa_uqayli:ج3/ص318
عنبسة بن جبير,عنبسه بن جبير,2,2,general/jarḥ+taʿdīl; jarḥ (ḍuʿafāʾ),duafa_uqayli; lisan_mizan_ibnhajar,duafa_uqayli:ج3/ص369
العوام بن أبي العوام,العوام بن ابي العوام,2,2,general/jarḥ+taʿdīl; jarḥ (ḍuʿafāʾ),duafa_ibnjawzi; lisan_mizan_ibnhajar,
عياض بن سعيد المازني,عياض بن سعيد المازني,2,2,general/jarḥ+taʿdīl; jarḥ (ḍuʿafāʾ),duafa_uqayli; lisan_mizan_ibnhajar,duafa_uqayli:ج3/ص349
عيسى بن عبد الله بن سليمان القرشي العسقلاني,عيسي بن عبد الله بن سليمان القرشي العسقلاني,2,2,general/jarḥ+taʿdīl; jarḥ (ḍuʿafāʾ),duafa_ibnjawzi; lisan_mizan_ibnhajar,
عيسى بن لهيعة,عيسي بن لهيعه,2,2,general/jarḥ+taʿdīl; jarḥ (ḍuʿafāʾ),duafa_uqayli; lisan_mizan_ibnhajar,duafa_uqayli:ج3/ص397
عيسى بن محمد القرشي,عيسي بن محمد القرشي,2,2,general/jarḥ+taʿdīl; jarḥ (ḍuʿafāʾ),duafa_uqayli; lisan_mizan_ibnhajar,duafa_uqayli:ج3/ص397
غالب بن غالب,غالب بن غالب,2,2,general/jarḥ+taʿdīl; jarḥ (ḍuʿafāʾ),duafa_uqayli; lisan_mizan_ibnhajar,duafa_uqayli:ج3/ص433
غالب بن فائد,غالب بن فايد,2,2,general/jarḥ+taʿdīl; jarḥ (ḍuʿafāʾ),duafa_uqayli; lisan_mizan_ibnhajar,duafa_uqayli:ج3/ص434
غزوان بن عتبة بن غزوان,غزوان بن عتبه بن غزوان,2,2,general/jarḥ+taʿdīl; jarḥ (ḍuʿafāʾ),duafa_uqayli; lisan_mizan_ibnhajar,duafa_uqayli:ج3/ص438
غسان بن عبيد الموصلي,غسان بن عبيد الموصلي,2,2,general/jarḥ+taʿdīl; jarḥ (ḍuʿafāʾ),duafa_uqayli; lisan_mizan_ibnhajar,
غياث بن عبد الحميد,غياث بن عبد الحميد,2,2,general/jarḥ+taʿdīl; jarḥ (ḍuʿafāʾ),duafa_uqayli; lisan_mizan_ibnhajar,duafa_uqayli:ج3/ص440
فضالة بن دينار [الشحام],فضاله بن دينار الشحام,2,2,general/jarḥ+taʿdīl; jarḥ (ḍuʿafāʾ),duafa_uqayli; lisan_mizan_ibnhajar,duafa_uqayli:ج3/ص457
فضالة بن سعيد بن زميل المأربي,فضاله بن سعيد بن زميل الماربي,2,2,general/jarḥ+taʿdīl; jarḥ (ḍuʿafāʾ),duafa_uqayli; lisan_mizan_ibnhajar,duafa_uqayli:ج3/ص457
الفضل بن حرب البجلي,الفضل بن حرب البجلي,2,2,general/jarḥ+taʿdīl; jarḥ (ḍuʿafāʾ),duafa_uqayli; lisan_mizan_ibnhajar,duafa_uqayli:ج3/ص453
الفضل بن زياد,الفضل بن زياد,2,2,general/jarḥ+taʿdīl; jarḥ (ḍuʿafāʾ),duafa_uqayli; lisan_mizan_ibnhajar,duafa_uqayli:ج3/ص454
الفضل بن سلام,الفضل بن سلام,2,2,general/jarḥ+taʿdīl; jarḥ (ḍuʿafāʾ),duafa_uqayli; lisan_mizan_ibnhajar,duafa_uqayli:ج3/ص454
الفضل بن صالح,الفضل بن صالح,2,2,general/jarḥ+taʿdīl; jarḥ (ḍuʿafāʾ),duafa_uqayli; lisan_mizan_ibnhajar,duafa_uqayli:ج3/ص451
الفضل بن العباس البصري,الفضل بن العباس البصري,2,2,general/jarḥ+taʿdīl; jarḥ (ḍuʿafāʾ),duafa_uqayli; lisan_mizan_ibnhajar,duafa_uqayli:ج3/ص444
الفضل بن يسار,الفضل بن يسار,2,2,general/jarḥ+taʿdīl; jarḥ (ḍuʿafāʾ),duafa_uqayli; lisan_mizan_ibnhajar,duafa_uqayli:ج3/ص447
قدامة بن عبد الله,قدامه بن عبد الله,2,2,biography/ṭabaqāt; general/jarḥ+taʿdīl,lisan_mizan_ibnhajar; tabaqat_ibnsad,tabaqat_ibnsad:ج6/ص194
قرة بن العلاء السعدي,قره بن العلا السعدي,2,2,general/jarḥ+taʿdīl; jarḥ (ḍuʿafāʾ),duafa_uqayli; lisan_mizan_ibnhajar,duafa_uqayli:ج3/ص486
قطن بن سعير بن الخمس,قطن بن سعير بن الخمس,2,2,general/jarḥ+taʿdīl; jarḥ (ḍuʿafāʾ),duafa_uqayli; lisan_mizan_ibnhajar,
قنبر مولى علي,قنبر مولي علي,2,2,general/jarḥ+taʿdīl; ikhtilāṭ,ightibat_sibt_ibnajami; lisan_mizan_ibnhajar,lisan_mizan_ibnhajar:ج6/ص399
قيس بن الربيع,قيس بن الربيع,2,2,biography/ṭabaqāt; general/jarḥ+taʿdīl,lisan_mizan_ibnhajar; tabaqat_ibnsad,tabaqat_ibnsad:ج8/ص498
قيس بن زيد,قيس بن زيد,2,2,biography/ṭabaqāt; general/jarḥ+taʿdīl,lisan_mizan_ibnhajar; tabaqat_ibnsad,tabaqat_ibnsad:ج6/ص253
قيس بن ميناء,قيس بن مينا,2,2,general/jarḥ+taʿdīl; jarḥ (ḍuʿafāʾ),duafa_uqayli; lisan_mizan_ibnhajar,duafa_uqayli:ج3/ص469
كثير بن عبد الله اليشكري,كثير بن عبد الله اليشكري,2,2,general/jarḥ+taʿdīl; jarḥ (ḍuʿafāʾ),duafa_uqayli; lisan_mizan_ibnhajar,duafa_uqayli:ج4/ص5
كنانة بن جبلة,كنانه بن جبله,2,2,general/jarḥ+taʿdīl; jarḥ (ḍuʿafāʾ),duafa_uqayli; lisan_mizan_ibnhajar,
مالك بن سليمان الهروي,مالك بن سليمان الهروي,2,2,general/jarḥ+taʿdīl; tadlīs,lisan_mizan_ibnhajar; tabaqat_mudallisin_ibnhajar,
محبر بن قحذم,محبر بن قحذم,2,2,general/jarḥ+taʿdīl; jarḥ (ḍuʿafāʾ),duafa_uqayli; lisan_mizan_ibnhajar,duafa_uqayli:ج4/ص259
محفوظ بن أبي توبة,محفوظ بن ابي توبه,2,2,general/jarḥ+taʿdīl; jarḥ (ḍuʿafāʾ),duafa_uqayli; lisan_mizan_ibnhajar,
محمد بن إبراهيم بن عبد الله بن معبد بن عباس الهاشمي,محمد بن ابراهيم بن عبد الله بن معبد بن عباس الهاشمي,2,2,general; general/jarḥ+taʿdīl,lisan_mizan_ibnhajar; tarikh_kabir_bukhari,
محمد بن الأزهر الجوزجاني,محمد بن الازهر الجوزجاني,2,2,general/jarḥ+taʿdīl; jarḥ (ḍuʿafāʾ),duafa_uqayli; lisan_mizan_ibnhajar,duafa_uqayli:ج4/ص32
محمد بن أسلم,محمد بن اسلم,2,2,general; general/jarḥ+taʿdīl,lisan_mizan_ibnhajar; tarikh_kabir_bukhari,
محمد بن إسماعيل بن طريح الثقفي,محمد بن اسماعيل بن طريح الثقفي,2,2,general/jarḥ+taʿdīl; jarḥ (ḍuʿafāʾ),duafa_uqayli; lisan_mizan_ibnhajar,duafa_uqayli:ج4/ص21
محمد بن إسماعيل,محمد بن اسماعيل,2,2,biography/ṭabaqāt; general/jarḥ+taʿdīl,lisan_mizan_ibnhajar; tabaqat_ibnsad,tabaqat_ibnsad:ج7/ص615
محمد بن جابر الحلبي.</span>,محمد بن جابر الحلبي,2,2,general/jarḥ+taʿdīl; jarḥ (ḍuʿafāʾ),duafa_uqayli; lisan_mizan_ibnhajar,duafa_uqayli:ج4/ص43
محمد بن جابر,محمد بن جابر,2,2,biography/ṭabaqāt; general/jarḥ+taʿdīl,lisan_mizan_ibnhajar; tabaqat_ibnsad,tabaqat_ibnsad:ج8/ص117
محمد بن جرير بن رستم أبو جعفر الطبري,محمد بن جرير بن رستم ابو جعفر الطبري,2,2,biography; general/jarḥ+taʿdīl,lisan_mizan_ibnhajar; siyar_dhahabi,siyar_dhahabi:ج14/ص282
محمد بن جعفر بن عبد الله بن جعفر,محمد بن جعفر بن عبد الله بن جعفر,2,2,general/jarḥ+taʿdīl; jarḥ (ḍuʿafāʾ),duafa_ibnjawzi; lisan_mizan_ibnhajar,
محمد بن جميل الهروي,محمد بن جميل الهروي,2,2,general/jarḥ+taʿdīl; jarḥ (ḍuʿafāʾ),duafa_ibnjawzi; lisan_mizan_ibnhajar,
محمد بن حاتم بن خزيمة الكشي,محمد بن حاتم بن خزيمه الكشي,2,2,biography; general/jarḥ+taʿdīl,lisan_mizan_ibnhajar; siyar_dhahabi,siyar_dhahabi:ج15/ص380
محمد بن الحارث بن وقدان العتكي,محمد بن الحارث بن وقدان العتكي,2,2,general/jarḥ+taʿdīl; jarḥ (ḍuʿafāʾ),duafa_uqayli; lisan_mizan_ibnhajar,duafa_uqayli:ج4/ص47
محمد بن الحسن الصدفي,محمد بن الحسن الصدفي,2,2,general/jarḥ+taʿdīl; jarḥ (ḍuʿafāʾ),duafa_uqayli; lisan_mizan_ibnhajar,duafa_uqayli:ج4/ص51
محمد بن الحسن الهاشمي,محمد بن الحسن الهاشمي,2,2,general/jarḥ+taʿdīl; jarḥ (ḍuʿafāʾ),duafa_uqayli; lisan_mizan_ibnhajar,duafa_uqayli:ج4/ص51
محمد بن الحسن بن كوثر أبو بحر البربهاري,محمد بن الحسن بن كوثر ابو بحر البربهاري,2,2,general/jarḥ+taʿdīl; jarḥ (ḍuʿafāʾ),duafa_ibnjawzi; lisan_mizan_ibnhajar,
محمد بن الحسين البخاري,محمد بن الحسين البخاري,2,2,general/jarḥ+taʿdīl; tadlīs,lisan_mizan_ibnhajar; tabaqat_mudallisin_ibnhajar,
محمد بن زياد,محمد بن زياد,2,2,biography/ṭabaqāt; general/jarḥ+taʿdīl,lisan_mizan_ibnhajar; tabaqat_ibnsad,
محمد بن سالم,محمد بن سالم,2,2,biography/ṭabaqāt; general/jarḥ+taʿdīl,lisan_mizan_ibnhajar; tabaqat_ibnsad,
محمد بن سلمة بن كهيل,محمد بن سلمه بن كهيل,2,2,general/jarḥ+taʿdīl; jarḥ (ḍuʿafāʾ),duafa_uqayli; lisan_mizan_ibnhajar,duafa_uqayli:ج4/ص79
محمد بن أبي سلمة المكي,محمد بن ابي سلمه المكي,2,2,general/jarḥ+taʿdīl; jarḥ (ḍuʿafāʾ),duafa_uqayli; lisan_mizan_ibnhajar,duafa_uqayli:ج4/ص79
محمد بن سليمان بن سليط الأنصاري السالمي,محمد بن سليمان بن سليط الانصاري السالمي,2,2,general/jarḥ+taʿdīl; jarḥ (ḍuʿafāʾ),duafa_uqayli; lisan_mizan_ibnhajar,duafa_uqayli:ج4/ص74
محمد بن صدقة الفدكي,محمد بن صدقه الفدكي,2,2,general/jarḥ+taʿdīl; tadlīs,lisan_mizan_ibnhajar; tabaqat_mudallisin_ibnhajar,
محمد بن صفوان,محمد بن صفوان,2,2,biography/ṭabaqāt; general/jarḥ+taʿdīl,lisan_mizan_ibnhajar; tabaqat_ibnsad,
محمد بن طهمان,محمد بن طهمان,2,2,general; general/jarḥ+taʿdīl,lisan_mizan_ibnhajar; tarikh_kabir_bukhari,
محمد بن عبد الرحمن بن عمرو,محمد بن عبد الرحمن بن عمرو,2,2,general; general/jarḥ+taʿdīl,lisan_mizan_ibnhajar; tarikh_kabir_bukhari,
محمد بن عطية بن سعد العوفي,محمد بن عطيه بن سعد العوفي,2,2,general/jarḥ+taʿdīl; jarḥ (ḍuʿafāʾ),duafa_uqayli; lisan_mizan_ibnhajar,duafa_uqayli:ج4/ص113
"محمد بن علي بن عطية أبو طالب المكي الزاهد الواعظ صاحب ""القوت""",محمد بن علي بن عطيه ابو طالب المكي الزاهد الواعظ صاحب القوت,2,2,general/jarḥ+taʿdīl; ikhtilāṭ,ightibat_sibt_ibnajami; lisan_mizan_ibnhajar,
محمد بن كثير,محمد بن كثير,2,2,biography/ṭabaqāt; general/jarḥ+taʿdīl,lisan_mizan_ibnhajar; tabaqat_ibnsad,tabaqat_ibnsad:ج9/ص495
محمد بن محصن الحراني,محمد بن محصن الحراني,2,2,general/jarḥ+taʿdīl; jarḥ (ḍuʿafāʾ),duafa_uqayli; lisan_mizan_ibnhajar,duafa_uqayli:ج4/ص142
محمد بن مروان الواسطي,محمد بن مروان الواسطي,2,2,general/jarḥ+taʿdīl; jarḥ (ḍuʿafāʾ),duafa_ibnjawzi; lisan_mizan_ibnhajar,
محمد بن أبي مريم الطائفي,محمد بن ابي مريم الطايفي,2,2,general/jarḥ+taʿdīl; jarḥ (ḍuʿafāʾ),lisan_mizan_ibnhajar; mughni_duafa_dhahabi,
"محمد بن مسلم , شيخ لابن إسحاق",محمد بن مسلم شيخ لابن اسحاق,2,2,general/jarḥ+taʿdīl; jarḥ (ḍuʿafāʾ),lisan_mizan_ibnhajar; mughni_duafa_dhahabi,
محمد بن مسلمة الأنصاري,محمد بن مسلمه الانصاري,2,2,general/jarḥ+taʿdīl; jarḥ (ḍuʿafāʾ),duafa_uqayli; lisan_mizan_ibnhajar,duafa_uqayli:ج4/ص140
محمد بن المنذر,محمد بن المنذر,2,2,biography/ṭabaqāt; general/jarḥ+taʿdīl,lisan_mizan_ibnhajar; tabaqat_ibnsad,tabaqat_ibnsad:ج7/ص446
محمد بن مهران,محمد بن مهران,2,2,general/jarḥ+taʿdīl; jarḥ (ḍuʿafāʾ),duafa_uqayli; lisan_mizan_ibnhajar,duafa_uqayli:ج4/ص142
محمد بن يحيى الحجري,محمد بن يحيي الحجري,2,2,general/jarḥ+taʿdīl; jarḥ (ḍuʿafāʾ),duafa_uqayli; lisan_mizan_ibnhajar,duafa_uqayli:ج4/ص148
محمد بن يزيد بن صيفي بن صهيب,محمد بن يزيد بن صيفي بن صهيب,2,2,general/jarḥ+taʿdīl; jarḥ (ḍuʿafāʾ),duafa_uqayli; lisan_mizan_ibnhajar,duafa_uqayli:ج4/ص146
محمد بن يزيد بن أبي زياد,محمد بن يزيد بن ابي زياد,2,2,general/jarḥ+taʿdīl; jarḥ (ḍuʿafāʾ),duafa_uqayli; lisan_mizan_ibnhajar,duafa_uqayli:ج4/ص147
مخارق بن ميسرة,مخارق بن ميسره,2,2,general/jarḥ+taʿdīl; jarḥ (ḍuʿafāʾ),duafa_uqayli; lisan_mizan_ibnhajar,duafa_uqayli:ج4/ص229
المختار بن أبي عبيد الثقفي الكذاب,المختار بن ابي عبيد الثقفي الكذاب,2,2,biography; general/jarḥ+taʿdīl,lisan_mizan_ibnhajar; siyar_dhahabi,siyar_dhahabi:ج3/ص538
مرجى بن وداع الراسبي,مرجي بن وداع الراسبي,2,2,general/jarḥ+taʿdīl; jarḥ (ḍuʿafāʾ),duafa_uqayli; lisan_mizan_ibnhajar,duafa_uqayli:ج4/ص266
مسروح أبو شهاب,مسروح ابو شهاب,2,2,general/jarḥ+taʿdīl; jarḥ (ḍuʿafāʾ),duafa_uqayli; lisan_mizan_ibnhajar,duafa_uqayli:ج4/ص247
مسرور بن سعيد,مسرور بن سعيد,2,2,general/jarḥ+taʿdīl; jarḥ (ḍuʿafāʾ),duafa_uqayli; lisan_mizan_ibnhajar,duafa_uqayli:ج4/ص256
مسعدة بن اليسع الباهلي,مسعده بن اليسع الباهلي,2,2,general/jarḥ+taʿdīl; jarḥ (ḍuʿafāʾ),duafa_uqayli; lisan_mizan_ibnhajar,duafa_uqayli:ج4/ص245
مسلم بن عمر أبو عازب,مسلم بن عمر ابو عازب,2,2,general/jarḥ+taʿdīl; jarḥ (ḍuʿafāʾ),duafa_uqayli; lisan_mizan_ibnhajar,duafa_uqayli:ج4/ص152
مسلمة بن جعفر,مسلمه بن جعفر,2,2,biography/ṭabaqāt; general/jarḥ+taʿdīl,lisan_mizan_ibnhajar; tabaqat_ibnsad,
مسمع بن عاصم,مسمع بن عاصم,2,2,general/jarḥ+taʿdīl; jarḥ (ḍuʿafāʾ),lisan_mizan_ibnhajar; mughni_duafa_dhahabi,
مسمع بن محمد الأشعري,مسمع بن محمد الاشعري,2,2,general/jarḥ+taʿdīl; jarḥ (ḍuʿafāʾ),duafa_uqayli; lisan_mizan_ibnhajar,duafa_uqayli:ج4/ص246
المسيب بن دارم,المسيب بن دارم,2,2,biography/ṭabaqāt; general/jarḥ+taʿdīl,lisan_mizan_ibnhajar; tabaqat_ibnsad,tabaqat_ibnsad:ج9/ص125
المسيب بن شريك أبو سعيد التميمي الشقري الكوفي,المسيب بن شريك ابو سعيد التميمي الشقري الكوفي,2,2,general/jarḥ+taʿdīl; jarḥ (ḍuʿafāʾ),duafa_ibnjawzi; lisan_mizan_ibnhajar,
مصعب بن سعيد أبو خيثمة المصيصي,مصعب بن سعيد ابو خيثمه المصيصي,2,2,general/jarḥ+taʿdīl; tadlīs,lisan_mizan_ibnhajar; tabaqat_mudallisin_ibnhajar,
مصعب بن مصعب بن عبد الرحمن بن عوف,مصعب بن مصعب بن عبد الرحمن بن عوف,2,2,general/jarḥ+taʿdīl; jarḥ (ḍuʿafāʾ),duafa_ibnjawzi; lisan_mizan_ibnhajar,
مصعب بن نوح,مصعب بن نوح,2,2,general/jarḥ+taʿdīl; jarḥ (ḍuʿafāʾ),lisan_mizan_ibnhajar; mughni_duafa_dhahabi,
مضر بن نوح السلمي,مضر بن نوح السلمي,2,2,general/jarḥ+taʿdīl; jarḥ (ḍuʿafāʾ),duafa_uqayli; lisan_mizan_ibnhajar,duafa_uqayli:ج4/ص258
مطرف بن مازن الصنعاني,مطرف بن مازن الصنعاني,2,2,general/jarḥ+taʿdīl; jarḥ (ḍuʿafāʾ),duafa_uqayli; lisan_mizan_ibnhajar,duafa_uqayli:ج4/ص216
معاذ بن محمد الأنصاري,معاذ بن محمد الانصاري,2,2,general/jarḥ+taʿdīl; jarḥ (ḍuʿafāʾ),duafa_uqayli; lisan_mizan_ibnhajar,duafa_uqayli:ج4/ص202
معاذ بن محمد الهذلي,معاذ بن محمد الهذلي,2,2,general/jarḥ+taʿdīl; jarḥ (ḍuʿafāʾ),duafa_uqayli; lisan_mizan_ibnhajar,duafa_uqayli:ج4/ص200
معاذ بن ياسين الزيات,معاذ بن ياسين الزيات,2,2,general/jarḥ+taʿdīl; jarḥ (ḍuʿafāʾ),duafa_uqayli; lisan_mizan_ibnhajar,duafa_uqayli:ج4/ص201
معمر بن زائدة,معمر بن زايده,2,2,general/jarḥ+taʿdīl; jarḥ (ḍuʿafāʾ),duafa_uqayli; lisan_mizan_ibnhajar,duafa_uqayli:ج4/ص206
معمر بن عبد الله الأنصاري,معمر بن عبد الله الانصاري,2,2,general/jarḥ+taʿdīl; jarḥ (ḍuʿafāʾ),duafa_uqayli; lisan_mizan_ibnhajar,duafa_uqayli:ج4/ص207
مفضل بن صدقة أبو حماد الحنفي,مفضل بن صدقه ابو حماد الحنفي,2,2,general/jarḥ+taʿdīl; jarḥ (ḍuʿafāʾ),duafa_uqayli; lisan_mizan_ibnhajar,
مورق بن سخيت,مورق بن سخيت,2,2,general/jarḥ+taʿdīl; jarḥ (ḍuʿafāʾ),duafa_uqayli; lisan_mizan_ibnhajar,duafa_uqayli:ج4/ص259
موسى بن أسيد,موسي بن اسيد,2,2,general/jarḥ+taʿdīl; jarḥ (ḍuʿafāʾ),duafa_ibnjawzi; lisan_mizan_ibnhajar,
موسى بن جعفر الأنصاري,موسي بن جعفر الانصاري,2,2,general/jarḥ+taʿdīl; jarḥ (ḍuʿafāʾ),duafa_uqayli; lisan_mizan_ibnhajar,duafa_uqayli:ج4/ص155
نصر بن جميل,نصر بن جميل,2,2,general/jarḥ+taʿdīl; jarḥ (ḍuʿafāʾ),duafa_uqayli; lisan_mizan_ibnhajar,duafa_uqayli:ج4/ص299
النضر بن معبد أبو قحذم,النضر بن معبد ابو قحذم,2,2,general/jarḥ+taʿdīl; jarḥ (ḍuʿafāʾ),duafa_uqayli; lisan_mizan_ibnhajar,duafa_uqayli:ج4/ص291
نعيم بن عمر القديدي,نعيم بن عمر القديدي,2,2,general/jarḥ+taʿdīl; jarḥ (ḍuʿafāʾ),duafa_ibnjawzi; lisan_mizan_ibnhajar,
نعيم بن مورع [بن توبة العنبري],نعيم بن مورع بن توبه العنبري,2,2,general/jarḥ+taʿdīl; jarḥ (ḍuʿafāʾ),duafa_uqayli; lisan_mizan_ibnhajar,duafa_uqayli:ج4/ص294
نوح بن طلحة بن عبد الله بن عبد الرحمن بن أبي بكر الصديق,نوح بن طلحه بن عبد الله بن عبد الرحمن بن ابي بكر الصديق,2,2,general/jarḥ+taʿdīl; jarḥ (ḍuʿafāʾ),duafa_uqayli; lisan_mizan_ibnhajar,duafa_uqayli:ج4/ص303
هاشم بن عبد الله,هاشم بن عبد الله,2,2,biography/ṭabaqāt; general/jarḥ+taʿdīl,lisan_mizan_ibnhajar; tabaqat_ibnsad,tabaqat_ibnsad:ج7/ص407
هاشم بن محمد الربعي,هاشم بن محمد الربعي,2,2,general/jarḥ+taʿdīl; jarḥ (ḍuʿafāʾ),duafa_uqayli; lisan_mizan_ibnhajar,duafa_uqayli:ج4/ص344
هانىء بن الحارث,هاني بن الحارث,2,2,biography/ṭabaqāt; general/jarḥ+taʿdīl,lisan_mizan_ibnhajar; tabaqat_ibnsad,tabaqat_ibnsad:ج6/ص242
هانىء بن خالد,هاني بن خالد,2,2,general/jarḥ+taʿdīl; jarḥ (ḍuʿafāʾ),duafa_uqayli; lisan_mizan_ibnhajar,duafa_uqayli:ج4/ص364
هشام بن عبيد الله الرازي,هشام بن عبيد الله الرازي,2,2,biography; general/jarḥ+taʿdīl,lisan_mizan_ibnhajar; siyar_dhahabi,siyar_dhahabi:ج10/ص446
هشام بن نجيح,هشام بن نجيح,2,2,general/jarḥ+taʿdīl; jarḥ (ḍuʿafāʾ),duafa_ibnjawzi; lisan_mizan_ibnhajar,
الهيثم بن الأشعث,الهيثم بن الاشعث,2,2,general/jarḥ+taʿdīl; jarḥ (ḍuʿafāʾ),duafa_uqayli; lisan_mizan_ibnhajar,duafa_uqayli:ج4/ص351
الهيثم بن بدر الضبي,الهيثم بن بدر الضبي,2,2,general/jarḥ+taʿdīl; jarḥ (ḍuʿafāʾ),duafa_uqayli; lisan_mizan_ibnhajar,duafa_uqayli:ج4/ص350
الهيثم بن الحسين العقيلي,الهيثم بن الحسين العقيلي,2,2,general/jarḥ+taʿdīl; jarḥ (ḍuʿafāʾ),duafa_uqayli; lisan_mizan_ibnhajar,duafa_uqayli:ج4/ص357
الهيثم بن رزيق المالكي,الهيثم بن رزيق المالكي,2,2,general/jarḥ+taʿdīl; jarḥ (ḍuʿafāʾ),duafa_uqayli; lisan_mizan_ibnhajar,duafa_uqayli:ج4/ص354
الهيثم بن عبد الغفار الطائي,الهيثم بن عبد الغفار الطايي,2,2,general/jarḥ+taʿdīl; jarḥ (ḍuʿafāʾ),duafa_uqayli; lisan_mizan_ibnhajar,
وضاح بن خيثمة,وضاح بن خيثمه,2,2,general/jarḥ+taʿdīl; jarḥ (ḍuʿafāʾ),duafa_uqayli; lisan_mizan_ibnhajar,duafa_uqayli:ج4/ص328
الوليد بن أبي زينب,الوليد بن ابي زينب,2,2,general/jarḥ+taʿdīl; jarḥ (ḍuʿafāʾ),duafa_ibnjawzi; lisan_mizan_ibnhajar,
الوليد بن عيسى أبو وهب,الوليد بن عيسي ابو وهب,2,2,general/jarḥ+taʿdīl; jarḥ (ḍuʿafāʾ),duafa_uqayli; lisan_mizan_ibnhajar,duafa_uqayli:ج4/ص315
الوليد بن كريز,الوليد بن كريز,2,2,general/jarḥ+taʿdīl; jarḥ (ḍuʿafāʾ),duafa_uqayli; lisan_mizan_ibnhajar,duafa_uqayli:ج4/ص316
الوليد بن موسى الدمشقي,الوليد بن موسي الدمشقي,2,2,general/jarḥ+taʿdīl; jarḥ (ḍuʿafāʾ),duafa_uqayli; lisan_mizan_ibnhajar,duafa_uqayli:ج4/ص321
ياسين بن معاذ الزيات [أبو خلف],ياسين بن معاذ الزيات ابو خلف,2,2,general/jarḥ+taʿdīl; jarḥ (ḍuʿafāʾ),duafa_uqayli; lisan_mizan_ibnhajar,duafa_uqayli:ج4/ص464
يحيى بن جعفر السراج,يحيي بن جعفر السراج,2,2,general/jarḥ+taʿdīl; jarḥ (ḍuʿafāʾ),lisan_mizan_ibnhajar; mughni_duafa_dhahabi,
يحيى بن الحارث,يحيي بن الحارث,2,2,biography/ṭabaqāt; general/jarḥ+taʿdīl,lisan_mizan_ibnhajar; tabaqat_ibnsad,tabaqat_ibnsad:ج9/ص467
يحيى بن خالد,يحيي بن خالد,2,2,biography/ṭabaqāt; general/jarḥ+taʿdīl,lisan_mizan_ibnhajar; tabaqat_ibnsad,tabaqat_ibnsad:ج7/ص593
يحيى بن سعيد بن سالم القداح,يحيي بن سعيد بن سالم القداح,2,2,general/jarḥ+taʿdīl; jarḥ (ḍuʿafāʾ),duafa_uqayli; lisan_mizan_ibnhajar,duafa_uqayli:ج4/ص404
يحيى بن سليمان,يحيي بن سليمان,2,2,general; general/jarḥ+taʿdīl,lisan_mizan_ibnhajar; tarikh_kabir_bukhari,
يحيى بن صالح الأيلي,يحيي بن صالح الايلي,2,2,general/jarḥ+taʿdīl; jarḥ (ḍuʿafāʾ),duafa_uqayli; lisan_mizan_ibnhajar,duafa_uqayli:ج4/ص409
يحيى بن عقبة بن أبي العيزار [أبو القاسم],يحيي بن عقبه بن ابي العيزار ابو القاسم,2,2,general/jarḥ+taʿdīl; jarḥ (ḍuʿafāʾ),duafa_ibnjawzi; lisan_mizan_ibnhajar,
يحيى بن غالب العبشمي,يحيي بن غالب العبشمي,2,2,general/jarḥ+taʿdīl; jarḥ (ḍuʿafāʾ),duafa_uqayli; lisan_mizan_ibnhajar,duafa_uqayli:ج4/ص423
يحيى بن مالك بن أنس الأصبحي,يحيي بن مالك بن انس الاصبحي,2,2,general/jarḥ+taʿdīl; jarḥ (ḍuʿafāʾ),duafa_uqayli; lisan_mizan_ibnhajar,duafa_uqayli:ج4/ص425
يحيى بن نصر بن حاجب القرشي,يحيي بن نصر بن حاجب القرشي,2,2,general/jarḥ+taʿdīl; jarḥ (ḍuʿafāʾ),duafa_uqayli; lisan_mizan_ibnhajar,duafa_uqayli:ج4/ص433
يزيد بن بزيع,يزيد بن بزيع,2,2,general/jarḥ+taʿdīl; jarḥ (ḍuʿafāʾ),duafa_uqayli; lisan_mizan_ibnhajar,duafa_uqayli:ج4/ص375
يزيد بن حصين بن نمير,يزيد بن حصين بن نمير,2,2,general/jarḥ+taʿdīl; jarḥ (ḍuʿafāʾ),duafa_uqayli; lisan_mizan_ibnhajar,
يزيد بن روح اللخمي,يزيد بن روح اللخمي,2,2,general/jarḥ+taʿdīl; jarḥ (ḍuʿafāʾ),lisan_mizan_ibnhajar; mughni_duafa_dhahabi,
يزيد بن شداد,يزيد بن شداد,2,2,general/jarḥ+taʿdīl; jarḥ (ḍuʿafāʾ),duafa_ibnjawzi; lisan_mizan_ibnhajar,
يزيد بن شراحيل,يزيد بن شراحيل,2,2,general; general/jarḥ+taʿdīl,lisan_mizan_ibnhajar; tarikh_kabir_bukhari,
يزيد (بن عمر,يزيد بن عمر,2,2,general; general/jarḥ+taʿdīl,lisan_mizan_ibnhajar; tarikh_kabir_bukhari,
يزيد بن عوانة الكلبي,يزيد بن عوانه الكلبي,2,2,general/jarḥ+taʿdīl; jarḥ (ḍuʿafāʾ),duafa_uqayli; lisan_mizan_ibnhajar,duafa_uqayli:ج4/ص388
يزيد بن مروان الخلال,يزيد بن مروان الخلال,2,2,general/jarḥ+taʿdīl; jarḥ (ḍuʿafāʾ),duafa_uqayli; lisan_mizan_ibnhajar,
يعقوب بن إبراهيم النيلي,يعقوب بن ابراهيم النيلي,2,2,general/jarḥ+taʿdīl; jarḥ (ḍuʿafāʾ),duafa_uqayli; lisan_mizan_ibnhajar,duafa_uqayli:ج4/ص444
يعقوب بن مسعود,يعقوب بن مسعود,2,2,general/jarḥ+taʿdīl; jarḥ (ḍuʿafāʾ),lisan_mizan_ibnhajar; mughni_duafa_dhahabi,
يمان بن معن المدني,يمان بن معن المدني,2,2,general/jarḥ+taʿdīl; jarḥ (ḍuʿafāʾ),lisan_mizan_ibnhajar; mughni_duafa_dhahabi,
يونس بن مسلم,يونس بن مسلم,2,2,general; general/jarḥ+taʿdīl,lisan_mizan_ibnhajar; tarikh_kabir_bukhari,
• أبو جعفر الترمذي: محمد بن أحمد بن نصر [6401],ابو جعفر الترمذي محمد بن احمد بن نصر,2,2,biography; general/jarḥ+taʿdīl,lisan_mizan_ibnhajar; siyar_dhahabi,lisan_mizan_ibnhajar:ج9/ص38 | siyar_dhahabi:ج13/ص545
• أبو خليفة: الفضل بن الحباب الجمحي [6042],ابو خليفه الفضل بن الحباب الجمحي,2,2,biography; general/jarḥ+taʿdīl,lisan_mizan_ibnhajar; siyar_dhahabi,lisan_mizan_ibnhajar:ج9/ص62 | siyar_dhahabi:ج14/ص7
أبو شعيب الحراني: عبد الله بن الحسن [4197],ابو شعيب الحراني عبد الله بن الحسن,2,2,biography; general/jarḥ+taʿdīl,lisan_mizan_ibnhajar; siyar_dhahabi,lisan_mizan_ibnhajar:ج9/ص94 | siyar_dhahabi:ج13/ص536
البغوي: عبد الله بن محمد بن عبد العزيز [4409],البغوي عبد الله بن محمد بن عبد العزيز,2,2,biography; general/jarḥ+taʿdīl,lisan_mizan_ibnhajar; siyar_dhahabi,lisan_mizan_ibnhajar:ج9/ص198 | siyar_dhahabi:ج14/ص440
الدولابي: أبو بشر محمد بن أحمد بن حماد [6384],الدولابي ابو بشر محمد بن احمد بن حماد,2,2,biography; general/jarḥ+taʿdīl,lisan_mizan_ibnhajar; siyar_dhahabi,lisan_mizan_ibnhajar:ج9/ص202 | siyar_dhahabi:ج14/ص309
"س , إبراهيم بن أبي العباس السامري",س ابراهيم بن ابي العباس السامري,2,2,general/jarḥ+taʿdīl; ikhtilāṭ,ightibat_sibt_ibnajami; lisan_mizan_ibnhajar,lisan_mizan_ibnhajar:ج9/ص249 | ightibat_sibt_ibnajami:ج1/ص47
إبراهيم بن مهدي المصيصي,ابراهيم بن مهدي المصيصي,2,2,biography; general/jarḥ+taʿdīl,lisan_mizan_ibnhajar; siyar_dhahabi,lisan_mizan_ibnhajar:ج9/ص251 | siyar_dhahabi:ج10/ص556
أسماء بن الحكم الفزاري,اسما بن الحكم الفزاري,2,2,general/jarḥ+taʿdīl; jarḥ (ḍuʿafāʾ),duafa_uqayli; lisan_mizan_ibnhajar,lisan_mizan_ibnhajar:ج9/ص261 | duafa_uqayli:ج1/ص106
"د ق , أصبغ , مولى عمرو بن حريث",د ق اصبغ مولي عمرو بن حريث,2,2,general/jarḥ+taʿdīl; ikhtilāṭ,ightibat_sibt_ibnajami; lisan_mizan_ibnhajar,lisan_mizan_ibnhajar:ج9/ص262
"باذام أبو صالح , مولى أم هانىء",باذام ابو صالح مولي ام هاني,2,2,general/jarḥ+taʿdīl; jarḥ (ḍuʿafāʾ),duafa_uqayli; lisan_mizan_ibnhajar,lisan_mizan_ibnhajar:ج9/ص265
بجير بن أبي بجير,بجير بن ابي بجير,2,2,biography/ṭabaqāt; general/jarḥ+taʿdīl,lisan_mizan_ibnhajar; tabaqat_ibnsad,lisan_mizan_ibnhajar:ج9/ص265 | tabaqat_ibnsad:ج3/ص483
بكير بن عامر البجلي,بكير بن عامر البجلي,2,2,general/jarḥ+taʿdīl; jarḥ (ḍuʿafāʾ),duafa_uqayli; lisan_mizan_ibnhajar,lisan_mizan_ibnhajar:ج9/ص269
حكيم بن حكيم بن عباد بن حنيف -,حكيم بن حكيم بن عباد بن حنيف,2,2,general (six-books); general/jarḥ+taʿdīl,kashif_dhahabi; lisan_mizan_ibnhajar,lisan_mizan_ibnhajar:ج9/ص287
حمزة بن محمد بن حمزة بن عمرو الأسلمي,حمزه بن محمد بن حمزه بن عمرو الاسلمي,2,2,general/jarḥ+taʿdīl; jarḥ (ḍuʿafāʾ),lisan_mizan_ibnhajar; mughni_duafa_dhahabi,lisan_mizan_ibnhajar:ج9/ص290
خالد بن سلمة الفأفاء المخزومي,خالد بن سلمه الفافا المخزومي,2,2,general/jarḥ+taʿdīl; jarḥ (ḍuʿafāʾ),duafa_uqayli; lisan_mizan_ibnhajar,lisan_mizan_ibnhajar:ج9/ص293
"د س , خطاب بن القاسم , أبو عمر , قاضي حران",د س خطاب بن القاسم ابو عمر قاضي حران,2,2,general/jarḥ+taʿdīl; ikhtilāṭ,ightibat_sibt_ibnajami; lisan_mizan_ibnhajar,lisan_mizan_ibnhajar:ج9/ص295
الزبير بن عثمان بن عبد الله بن سراقة,الزبير بن عثمان بن عبد الله بن سراقه,2,2,general (six-books); general/jarḥ+taʿdīl,kashif_dhahabi; lisan_mizan_ibnhajar,lisan_mizan_ibnhajar:ج9/ص303
زفر بن وثيمة بن مالك بن أوس بن الحدثان,زفر بن وثيمه بن مالك بن اوس بن الحدثان,2,2,general; general/jarḥ+taʿdīl,lisan_mizan_ibnhajar; tarikh_kabir_bukhari,lisan_mizan_ibnhajar:ج9/ص303
"ق , زياد بن أبي مريم الجزري",ق زياد بن ابي مريم الجزري,2,2,general/jarḥ+taʿdīl; jarḥ (ḍuʿafāʾ),lisan_mizan_ibnhajar; mughni_duafa_dhahabi,lisan_mizan_ibnhajar:ج9/ص305
سباع بن ثابت,سباع بن ثابت,2,2,biography/ṭabaqāt; general/jarḥ+taʿdīl,lisan_mizan_ibnhajar; tabaqat_ibnsad,lisan_mizan_ibnhajar:ج9/ص307 | tabaqat_ibnsad:ج8/ص25
"س , سلمة بن تمام الشقري",س سلمه بن تمام الشقري,2,2,general/jarḥ+taʿdīl; tadlīs,lisan_mizan_ibnhajar; tabaqat_mudallisin_ibnhajar,lisan_mizan_ibnhajar:ج9/ص316
سليمان بن عبد الله,سليمان بن عبد الله,2,2,general; general/jarḥ+taʿdīl,lisan_mizan_ibnhajar; tarikh_kabir_bukhari,lisan_mizan_ibnhajar:ج9/ص318
صالح بن عبيد,صالح بن عبيد,2,2,general; general/jarḥ+taʿdīl,lisan_mizan_ibnhajar; tarikh_kabir_bukhari,lisan_mizan_ibnhajar:ج9/ص325
عاصم بن ضمرة,عاصم بن ضمره,2,2,biography/ṭabaqāt; general/jarḥ+taʿdīl,lisan_mizan_ibnhajar; tabaqat_ibnsad,lisan_mizan_ibnhajar:ج9/ص331
"خت4 , عباد بن منصور الناجي",خت عباد بن منصور الناجي,2,2,general/jarḥ+taʿdīl; tadlīs,lisan_mizan_ibnhajar; tabaqat_mudallisin_ibnhajar,lisan_mizan_ibnhajar:ج9/ص334
عبد الله بن حاجب بن عامر بن المنتفق,عبد الله بن حاجب بن عامر بن المنتفق,2,2,general (six-books); general/jarḥ+taʿdīl,kashif_dhahabi; lisan_mizan_ibnhajar,lisan_mizan_ibnhajar:ج9/ص337
عبد الله بن أبي سفيان,عبد الله بن ابي سفيان,2,2,biography/ṭabaqāt; general/jarḥ+taʿdīl,lisan_mizan_ibnhajar; tabaqat_ibnsad,lisan_mizan_ibnhajar:ج9/ص340 | tabaqat_ibnsad:ج7/ص515
"ق , عبد الله بن عبد العزيز بن أبي ثابت الليثي",ق عبد الله بن عبد العزيز بن ابي ثابت الليثي,2,2,general/jarḥ+taʿdīl; ikhtilāṭ,ightibat_sibt_ibnajami; lisan_mizan_ibnhajar,lisan_mizan_ibnhajar:ج9/ص342
عبد الله بن نافع بن العمياء,عبد الله بن نافع بن العميا,2,2,general/jarḥ+taʿdīl; jarḥ (ḍuʿafāʾ),duafa_uqayli; lisan_mizan_ibnhajar,lisan_mizan_ibnhajar:ج9/ص347 | duafa_uqayli:ج2/ص310
عبد الله بن هانىء أبو الزعراء,عبد الله بن هاني ابو الزعرا,2,2,general/jarḥ+taʿdīl; jarḥ (ḍuʿafāʾ),duafa_uqayli; lisan_mizan_ibnhajar,lisan_mizan_ibnhajar:ج9/ص348 | duafa_uqayli:ج2/ص314
عبد الله بن الوليد بن عبد الله بن معقل المزني,عبد الله بن الوليد بن عبد الله بن معقل المزني,2,2,general; general/jarḥ+taʿdīl,lisan_mizan_ibnhajar; tarikh_kabir_bukhari,lisan_mizan_ibnhajar:ج9/ص348 | tarikh_kabir_bukhari:ج5/ص216
عبد الرحمن بن البيلماني,عبد الرحمن بن البيلماني,2,2,biography/ṭabaqāt; general/jarḥ+taʿdīl,lisan_mizan_ibnhajar; tabaqat_ibnsad,lisan_mizan_ibnhajar:ج9/ص352 | tabaqat_ibnsad:ج8/ص95
عبد الرحمن بن أبي الرجال,عبد الرحمن بن ابي الرجال,2,2,biography/ṭabaqāt; general/jarḥ+taʿdīl,lisan_mizan_ibnhajar; tabaqat_ibnsad,lisan_mizan_ibnhajar:ج9/ص353 | tabaqat_ibnsad:ج7/ص586
عبد العزيز بن مروان,عبد العزيز بن مروان,2,2,biography/ṭabaqāt; general/jarḥ+taʿdīl,lisan_mizan_ibnhajar; tabaqat_ibnsad,lisan_mizan_ibnhajar:ج9/ص360 | tabaqat_ibnsad:ج7/ص232
عبد الكريم بن عبد الله بن شقيق العقيلي,عبد الكريم بن عبد الله بن شقيق العقيلي,2,2,general (six-books); general/jarḥ+taʿdīl,kashif_dhahabi; lisan_mizan_ibnhajar,lisan_mizan_ibnhajar:ج9/ص361
عبيد بن عمير,عبيد بن عمير,2,2,biography/ṭabaqāt; general/jarḥ+taʿdīl,lisan_mizan_ibnhajar; tabaqat_ibnsad,lisan_mizan_ibnhajar:ج9/ص367 | tabaqat_ibnsad:ج8/ص24
عقبة بن وهب,عقبه بن وهب,2,2,biography/ṭabaqāt; general/jarḥ+taʿdīl,lisan_mizan_ibnhajar; tabaqat_ibnsad,lisan_mizan_ibnhajar:ج9/ص372 | tabaqat_ibnsad:ج3/ص505
عمرو بن عمير,عمرو بن عمير,2,2,biography/ṭabaqāt; general/jarḥ+taʿdīl,lisan_mizan_ibnhajar; tabaqat_ibnsad,lisan_mizan_ibnhajar:ج9/ص385 | tabaqat_ibnsad:ج9/ص73
"عوسجة , مولى ابن عباس",عوسجه مولي ابن عباس,2,2,general/jarḥ+taʿdīl; jarḥ (ḍuʿafāʾ),duafa_uqayli; lisan_mizan_ibnhajar,lisan_mizan_ibnhajar:ج9/ص388 | duafa_uqayli:ج3/ص413
القاسم بن محمد بن عبد الرحمن بن الحارث بن هشام,القاسم بن محمد بن عبد الرحمن بن الحارث بن هشام,2,2,general; general/jarḥ+taʿdīl,lisan_mizan_ibnhajar; tarikh_kabir_bukhari,lisan_mizan_ibnhajar:ج9/ص394
قبيصة بن عقبة,قبيصه بن عقبه,2,2,biography/ṭabaqāt; general/jarḥ+taʿdīl,lisan_mizan_ibnhajar; tabaqat_ibnsad,lisan_mizan_ibnhajar:ج9/ص395 | tabaqat_ibnsad:ج8/ص527
كثير بن السائب,كثير بن السايب,2,2,biography/ṭabaqāt; general/jarḥ+taʿdīl,lisan_mizan_ibnhajar; tabaqat_ibnsad,lisan_mizan_ibnhajar:ج9/ص397 | tabaqat_ibnsad:ج6/ص565
كثير بن سليم الضبي,كثير بن سليم الضبي,2,2,general/jarḥ+taʿdīl; jarḥ (ḍuʿafāʾ),duafa_uqayli; lisan_mizan_ibnhajar,lisan_mizan_ibnhajar:ج9/ص398 | duafa_uqayli:ج4/ص5
محمد بن عبد الله بن إنسان الطائفي,محمد بن عبد الله بن انسان الطايفي,2,2,general/jarḥ+taʿdīl; jarḥ (ḍuʿafāʾ),duafa_uqayli; lisan_mizan_ibnhajar,lisan_mizan_ibnhajar:ج9/ص408 | duafa_uqayli:ج4/ص92
محمد بن عبد الله بن عباد,محمد بن عبد الله بن عباد,2,2,general/jarḥ+taʿdīl; jarḥ (ḍuʿafāʾ),lisan_mizan_ibnhajar; mughni_duafa_dhahabi,lisan_mizan_ibnhajar:ج9/ص409
محمد بن عبد الرحمن بن أبي ليلى,محمد بن عبد الرحمن بن ابي ليلي,2,2,general/jarḥ+taʿdīl; jarḥ (ḍuʿafāʾ),duafa_uqayli; lisan_mizan_ibnhajar,lisan_mizan_ibnhajar:ج9/ص410 | duafa_uqayli:ج4/ص98
"ت ق , محمد بن يزيد بن خنيس",ت ق محمد بن يزيد بن خنيس,2,2,general/jarḥ+taʿdīl; tadlīs,lisan_mizan_ibnhajar; tabaqat_mudallisin_ibnhajar,lisan_mizan_ibnhajar:ج9/ص419
"ق , هاشم بن القاسم الحراني",ق هاشم بن القاسم الحراني,2,2,general/jarḥ+taʿdīl; ikhtilāṭ,ightibat_sibt_ibnajami; lisan_mizan_ibnhajar,lisan_mizan_ibnhajar:ج9/ص439
هبيرة بن يريم,هبيره بن يريم,2,2,biography/ṭabaqāt; general/jarḥ+taʿdīl,lisan_mizan_ibnhajar; tabaqat_ibnsad,lisan_mizan_ibnhajar:ج9/ص439 | tabaqat_ibnsad:ج8/ص290
هلال بن خباب,هلال بن خباب,2,2,biography/ṭabaqāt; general/jarḥ+taʿdīl,lisan_mizan_ibnhajar; tabaqat_ibnsad,lisan_mizan_ibnhajar:ج9/ص441
وائل بن مهانة,وايل بن مهانه,2,2,biography/ṭabaqāt; general/jarḥ+taʿdīl,lisan_mizan_ibnhajar; tabaqat_ibnsad,lisan_mizan_ibnhajar:ج9/ص443 | tabaqat_ibnsad:ج8/ص322
وكيع بن عدس,وكيع بن عدس,2,2,biography/ṭabaqāt; general/jarḥ+taʿdīl,lisan_mizan_ibnhajar; tabaqat_ibnsad,lisan_mizan_ibnhajar:ج9/ص443 | tabaqat_ibnsad:ج8/ص80
يحيى بن راشد,يحيي بن راشد,2,2,general; general/jarḥ+taʿdīl,lisan_mizan_ibnhajar; tarikh_kabir_bukhari,lisan_mizan_ibnhajar:ج9/ص447
يعقوب بن عطاء بن أبي رباح,يعقوب بن عطا بن ابي رباح,2,2,general/jarḥ+taʿdīl; jarḥ (ḍuʿafāʾ),duafa_uqayli; lisan_mizan_ibnhajar,lisan_mizan_ibnhajar:ج9/ص455
يمان بن عدي الحمصي,يمان بن عدي الحمصي,2,2,general/jarḥ+taʿdīl; jarḥ (ḍuʿafāʾ),duafa_uqayli; lisan_mizan_ibnhajar,lisan_mizan_ibnhajar:ج9/ص456 | duafa_uqayli:ج4/ص464
يوسف بن خالد السمتي,يوسف بن خالد السمتي,2,2,general/jarḥ+taʿdīl; jarḥ (ḍuʿafāʾ),duafa_uqayli; lisan_mizan_ibnhajar,lisan_mizan_ibnhajar:ج9/ص456 | duafa_uqayli:ج4/ص453
• (ق) أبو حمزة العطار إسحاق بن الربيع,ق ابو حمزه العطار اسحاق بن الربيع,2,2,general/jarḥ+taʿdīl; jarḥ (ḍuʿafāʾ),lisan_mizan_ibnhajar; mughni_duafa_dhahabi,lisan_mizan_ibnhajar:ج9/ص466
أبو العجفاء السلمي,ابو العجفا السلمي,2,2,biography/ṭabaqāt; general/jarḥ+taʿdīl,lisan_mizan_ibnhajar; tabaqat_ibnsad,lisan_mizan_ibnhajar:ج9/ص476
أبو العشراء الدارمي,ابو العشرا الدارمي,2,2,biography/ṭabaqāt; general/jarḥ+taʿdīl,lisan_mizan_ibnhajar; tabaqat_ibnsad,lisan_mizan_ibnhajar:ج9/ص476 | tabaqat_ibnsad:ج9/ص253
ابن أعبد: علي. [= 3880].,ابن اعبد علي,2,2,general (six-books); general/jarḥ+taʿdīl,kashif_dhahabi; lisan_mizan_ibnhajar,lisan_mizan_ibnhajar:ج9/ص488
ابن أبي خثعم: عمر بن عبد الله. [=,ابن ابي خثعم عمر بن عبد الله,2,2,general (six-books); general/jarḥ+taʿdīl,kashif_dhahabi; lisan_mizan_ibnhajar,lisan_mizan_ibnhajar:ج9/ص489
الإفريقي: عبد الرحمن بن زياد بن أنعم,الافريقي عبد الرحمن بن زياد بن انعم,2,2,biography; general/jarḥ+taʿdīl,lisan_mizan_ibnhajar; siyar_dhahabi,lisan_mizan_ibnhajar:ج9/ص494 | siyar_dhahabi:ج6/ص411
الأويسي: عبد العزيز. [= 3393].,الاويسي عبد العزيز,2,2,general (six-books); general/jarḥ+taʿdīl,kashif_dhahabi; lisan_mizan_ibnhajar,lisan_mizan_ibnhajar:ج9/ص494
الجرار: عبد الأعلى بن أبي المساور. [= 3080].,الجرار عبد الاعلي بن ابي المساور,2,2,general (six-books); general/jarḥ+taʿdīl,kashif_dhahabi; lisan_mizan_ibnhajar,lisan_mizan_ibnhajar:ج9/ص494
الدراوردي: عبد العزيز. [= 3401].,الدراوردي عبد العزيز,2,2,general (six-books); general/jarḥ+taʿdīl,kashif_dhahabi; lisan_mizan_ibnhajar,lisan_mizan_ibnhajar:ج9/ص495
الفطري: محمد بن موسى. [= 5175].,الفطري محمد بن موسي,2,2,general (six-books); general/jarḥ+taʿdīl,kashif_dhahabi; lisan_mizan_ibnhajar,lisan_mizan_ibnhajar:ج9/ص495
المخرمي: عبد الله بن جعفر. [= 2666].,المخرمي عبد الله بن جعفر,2,2,general (six-books); general/jarḥ+taʿdīl,kashif_dhahabi; lisan_mizan_ibnhajar,lisan_mizan_ibnhajar:ج9/ص495
المسعودي: عبد الرحمن بن عبد الله. [= 3238].,المسعودي عبد الرحمن بن عبد الله,2,2,general (six-books); general/jarḥ+taʿdīl,kashif_dhahabi; lisan_mizan_ibnhajar,lisan_mizan_ibnhajar:ج9/ص496
محمد بن صيفي,محمد بن صيفي,2,2,biography/ṭabaqāt; general,tabaqat_ibnsad; tarikh_kabir_bukhari,tabaqat_ibnsad:ج8/ص183
محمد بن زيد,محمد بن زيد,2,2,biography/ṭabaqāt; general,tabaqat_ibnsad; tarikh_kabir_bukhari,tabaqat_ibnsad:ج7/ص459
إبراهيم (بن عبد الرحمن,ابراهيم بن عبد الرحمن,2,2,biography/ṭabaqāt; general,tabaqat_ibnsad; tarikh_kabir_bukhari,tabaqat_ibnsad:ج7/ص59
إبراهيم بن عقبة,ابراهيم بن عقبه,2,2,biography/ṭabaqāt; general,tabaqat_ibnsad; tarikh_kabir_bukhari,tabaqat_ibnsad:ج7/ص519
جعفر بن عمرو,جعفر بن عمرو,2,2,biography/ṭabaqāt; general,tabaqat_ibnsad; tarikh_kabir_bukhari,tabaqat_ibnsad:ج7/ص243
الحارث بن عمرو,الحارث بن عمرو,2,2,biography/ṭabaqāt; general,tabaqat_ibnsad; tarikh_kabir_bukhari,tabaqat_ibnsad:ج7/ص63
ربيعة بن الحارث,ربيعه بن الحارث,2,2,biography/ṭabaqāt; general,tabaqat_ibnsad; tarikh_kabir_bukhari,tarikh_kabir_bukhari:ج3/ص283 | tabaqat_ibnsad:ج4/ص43
زياد بن أبي زياد,زياد بن ابي زياد,2,2,biography/ṭabaqāt; general,tabaqat_ibnsad; tarikh_kabir_bukhari,tarikh_kabir_bukhari:ج3/ص354 | tabaqat_ibnsad:ج7/ص300
زياد بن عياض,زياد بن عياض,2,2,biography/ṭabaqāt; general,tabaqat_ibnsad; tarikh_kabir_bukhari,tabaqat_ibnsad:ج8/ص272
سعيد بن الحارث,سعيد بن الحارث,2,2,biography/ṭabaqāt; general,tabaqat_ibnsad; tarikh_kabir_bukhari,tarikh_kabir_bukhari:ج3/ص463 | tabaqat_ibnsad:ج4/ص183
سعد بن الأخرم,سعد بن الاخرم,2,2,biography/ṭabaqāt; general,tabaqat_ibnsad; tarikh_kabir_bukhari,
سلم بن عبد الرحمن,سلم بن عبد الرحمن,2,2,general; jarḥ (ḍuʿafāʾ),mughni_duafa_dhahabi; tarikh_kabir_bukhari,
عبد الله بن معاوية الغاضري,عبد الله بن معاويه الغاضري,2,2,biography/ṭabaqāt; general,tabaqat_ibnsad; tarikh_kabir_bukhari,tarikh_kabir_bukhari:ج5/ص31 | tabaqat_ibnsad:ج9/ص424
عبد الله بن بشر,عبد الله بن بشر,2,2,general; jarḥ (ḍuʿafāʾ),duafa_uqayli; tarikh_kabir_bukhari,duafa_uqayli:ج2/ص235
عبد الله بن خالد,عبد الله بن خالد,2,2,biography/ṭabaqāt; general,tabaqat_ibnsad; tarikh_kabir_bukhari,tabaqat_ibnsad:ج8/ص32
عبد الله بن غالب,عبد الله بن غالب,2,2,biography/ṭabaqāt; general,tabaqat_ibnsad; tarikh_kabir_bukhari,tarikh_kabir_bukhari:ج5/ص166 | tabaqat_ibnsad:ج9/ص223
عبد الله بن أبي لبيد,عبد الله بن ابي لبيد,2,2,biography/ṭabaqāt; general,tabaqat_ibnsad; tarikh_kabir_bukhari,tabaqat_ibnsad:ج7/ص514
عبد الله بن مرة,عبد الله بن مره,2,2,biography/ṭabaqāt; general,tabaqat_ibnsad; tarikh_kabir_bukhari,tabaqat_ibnsad:ج8/ص408
عبد الرحمن بن سعد,عبد الرحمن بن سعد,2,2,biography/ṭabaqāt; general,tabaqat_ibnsad; tarikh_kabir_bukhari,tabaqat_ibnsad:ج7/ص169
عبد الرحمن بن سليمان,عبد الرحمن بن سليمان,2,2,biography/ṭabaqāt; general,tabaqat_ibnsad; tarikh_kabir_bukhari,tabaqat_ibnsad:ج7/ص588
عبد الرحمن بن عطاء,عبد الرحمن بن عطا,2,2,biography/ṭabaqāt; general,tabaqat_ibnsad; tarikh_kabir_bukhari,tabaqat_ibnsad:ج7/ص516
عبد الرحمن بن فروخ,عبد الرحمن بن فروخ,2,2,biography/ṭabaqāt; general,tabaqat_ibnsad; tarikh_kabir_bukhari,
عمرو بن خالد,عمرو بن خالد,2,2,biography/ṭabaqāt; general,tabaqat_ibnsad; tarikh_kabir_bukhari,tabaqat_ibnsad:ج9/ص526
عمرو بن وهب الثقفي,عمرو بن وهب الثقفي,2,2,biography/ṭabaqāt; general,tabaqat_ibnsad; tarikh_kabir_bukhari,tabaqat_ibnsad:ج9/ص155
عيسى بن عبد الرحمن,عيسي بن عبد الرحمن,2,2,biography/ṭabaqāt; general,tabaqat_ibnsad; tarikh_kabir_bukhari,
عقبة بن نافع,عقبه بن نافع,2,2,biography/ṭabaqāt; general,tabaqat_ibnsad; tarikh_kabir_bukhari,tabaqat_ibnsad:ج6/ص138
عامر بن عبد الله,عامر بن عبد الله,2,2,biography/ṭabaqāt; general,tabaqat_ibnsad; tarikh_kabir_bukhari,tabaqat_ibnsad:ج7/ص407
العلاء بن كثير,العلا بن كثير,2,2,general; jarḥ (ḍuʿafāʾ),duafa_uqayli; tarikh_kabir_bukhari,duafa_uqayli:ج3/ص347
عمير بن يزيد,عمير بن يزيد,2,2,biography/ṭabaqāt; general,tabaqat_ibnsad; tarikh_kabir_bukhari,tabaqat_ibnsad:ج8/ص472
فضالة بن مفضل بن فضالة المصري أبو ثوابة,فضاله بن مفضل بن فضاله المصري ابو ثوابه,2,2,general; jarḥ (ḍuʿafāʾ),duafa_ibnjawzi; tarikh_kabir_bukhari,
قبيصة بن حريث الأنصاري سمع سلمة بن المحبق,قبيصه بن حريث الانصاري سمع سلمه بن المحبق,2,2,general; jarḥ (ḍuʿafāʾ),duafa_uqayli; tarikh_kabir_bukhari,duafa_uqayli:ج3/ص484
مسلم بن الحارث,مسلم بن الحارث,2,2,biography/ṭabaqāt; general,tabaqat_ibnsad; tarikh_kabir_bukhari,tabaqat_ibnsad:ج9/ص423
مسلم بن يناق,مسلم بن يناق,2,2,biography/ṭabaqāt; general,tabaqat_ibnsad; tarikh_kabir_bukhari,tabaqat_ibnsad:ج8/ص37
معن بن يزيد,معن بن يزيد,2,2,biography/ṭabaqāt; general,tabaqat_ibnsad; tarikh_kabir_bukhari,tabaqat_ibnsad:ج8/ص159
مليح بن عبد الله,مليح بن عبد الله,2,2,biography/ṭabaqāt; general,tabaqat_ibnsad; tarikh_kabir_bukhari,tabaqat_ibnsad:ج7/ص249
هارون بن أبي زياد التميمي (8) عن ابن عمر,هارون بن ابي زياد التميمي عن ابن عمر,2,2,general; jarḥ (ḍuʿafāʾ),duafa_ibnjawzi; tarikh_kabir_bukhari,
يحيى بن ايوب,يحيي بن ايوب,2,2,biography/ṭabaqāt; general,tabaqat_ibnsad; tarikh_kabir_bukhari,tarikh_kabir_bukhari:ج8/ص259 | tabaqat_ibnsad:ج9/ص360
يحيى بن عبيد,يحيي بن عبيد,2,2,biography/ṭabaqāt; general,tabaqat_ibnsad; tarikh_kabir_bukhari,
يحيى بن أبي كثير,يحيي بن ابي كثير,2,2,biography/ṭabaqāt; general,tabaqat_ibnsad; tarikh_kabir_bukhari,tarikh_kabir_bukhari:ج8/ص301 | tabaqat_ibnsad:ج8/ص116
يحيى بن يعلى,يحيي بن يعلي,2,2,biography/ṭabaqāt; general,tabaqat_ibnsad; tarikh_kabir_bukhari,tabaqat_ibnsad:ج8/ص533
يزيد بن أوس,يزيد بن اوس,2,2,biography/ṭabaqāt; general,tabaqat_ibnsad; tarikh_kabir_bukhari,tabaqat_ibnsad:ج6/ص68
يزيد بن أبي سعيد,يزيد بن ابي سعيد,2,2,biography/ṭabaqāt; general,tabaqat_ibnsad; tarikh_kabir_bukhari,
يعقوب بن زيد,يعقوب بن زيد,2,2,biography/ṭabaqāt; general,tabaqat_ibnsad; tarikh_kabir_bukhari,tabaqat_ibnsad:ج7/ص469
يعقوب بن إبراهيم,يعقوب بن ابراهيم,2,2,biography/ṭabaqāt; general,tabaqat_ibnsad; tarikh_kabir_bukhari,
يعلى بن مرة,يعلي بن مره,2,2,biography/ṭabaqāt; general,tabaqat_ibnsad; tarikh_kabir_bukhari,tabaqat_ibnsad:ج8/ص163
أبو مرزوق التجيبي,ابو مرزوق التجيبي,2,2,general; jarḥ (ḍuʿafāʾ),duafa_ibnjawzi; tarikh_kabir_bukhari,
إسحاق بن عبد الله بن أبي طلحة. عن,اسحاق بن عبد الله بن ابي طلحه عن,2,2,general (six-books); marāsīl/connection,jami_tahsil_alai; kashif_dhahabi,
جرير بن يزيد بن جرير بن عبد الله,جرير بن يزيد بن جرير بن عبد الله,2,2,general (six-books); jarḥ (ḍuʿafāʾ),duafa_ibnjawzi; kashif_dhahabi,kashif_dhahabi:ج1/ص291
الحسين بن عبد الله بن عبيد الله بن,الحسين بن عبد الله بن عبيد الله بن,2,2,general (six-books); jarḥ (ḍuʿafāʾ),duafa_ibnjawzi; kashif_dhahabi,
الحكم بن عبد الرحمن بن أبي نعم البجلي,الحكم بن عبد الرحمن بن ابي نعم البجلي,2,2,general (six-books); jarḥ (ḍuʿafāʾ),duafa_ibnjawzi; kashif_dhahabi,
حميد بن حماد بن أبي الخوار أبو الجهم,حميد بن حماد بن ابي الخوار ابو الجهم,2,2,general (six-books); jarḥ (ḍuʿafāʾ),duafa_ibnjawzi; kashif_dhahabi,
زياد بن عبد الله عن عاصم بن محمد,زياد بن عبد الله عن عاصم بن محمد,2,2,general (six-books); jarḥ (ḍuʿafāʾ),kashif_dhahabi; mughni_duafa_dhahabi,kashif_dhahabi:ج1/ص411
سعد بن إبراهيم بن عبد الرحمن بن عوف,سعد بن ابراهيم بن عبد الرحمن بن عوف,2,2,general (six-books); marāsīl/connection,jami_tahsil_alai; kashif_dhahabi,
سيف بن سليمان - ويقال: ابن أبي سليمان,سيف بن سليمان ويقال ابن ابي سليمان,2,2,general (six-books); jarḥ (ḍuʿafāʾ),duafa_uqayli; kashif_dhahabi,kashif_dhahabi:ج1/ص475 | duafa_uqayli:ج2/ص173
شريك بن عبد الله أبو عبد الله النخعي,شريك بن عبد الله ابو عبد الله النخعي,2,2,biography; general (six-books),kashif_dhahabi; siyar_dhahabi,siyar_dhahabi:ج8/ص200
شريك بن عبد الله بن أبي نمر المدني,شريك بن عبد الله بن ابي نمر المدني,2,2,biography; general (six-books),kashif_dhahabi; siyar_dhahabi,siyar_dhahabi:ج6/ص159
شعيب بن محمد بن عبد الله بن عمرو,شعيب بن محمد بن عبد الله بن عمرو,2,2,general (six-books); marāsīl/connection,jami_tahsil_alai; kashif_dhahabi,
صالح بن محمد بن زائدة أبو واقد الليثي,صالح بن محمد بن زايده ابو واقد الليثي,2,2,general (six-books); jarḥ (ḍuʿafāʾ),duafa_ibnjawzi; kashif_dhahabi,
طلحة بن زيد الرقي عن هشام بن عروة,طلحه بن زيد الرقي عن هشام بن عروه,2,2,general (six-books); jarḥ (ḍuʿafāʾ),kashif_dhahabi; mughni_duafa_dhahabi,
طلحة بن عبد الله بن عبد الرحمن بن,طلحه بن عبد الله بن عبد الرحمن بن,2,2,general (six-books); marāsīl/connection,jami_tahsil_alai; kashif_dhahabi,
طلحة بن يحيى بن طلحة بن عبيد الله,طلحه بن يحيي بن طلحه بن عبيد الله,2,2,general (six-books); jarḥ (ḍuʿafāʾ),duafa_ibnjawzi; kashif_dhahabi,
عاصم بن عمر بن قتادة بن النعمان الظفري,عاصم بن عمر بن قتاده بن النعمان الظفري,2,2,biography; general (six-books),kashif_dhahabi; siyar_dhahabi,siyar_dhahabi:ج5/ص240
عامر بن عبد الله بن مسعود أبو عبيدة,عامر بن عبد الله بن مسعود ابو عبيده,2,2,general (six-books); marāsīl/connection,jami_tahsil_alai; kashif_dhahabi,kashif_dhahabi:ج1/ص523
عباد بن كثير الثقفي البصري العابد بمكة عن,عباد بن كثير الثقفي البصري العابد بمكه عن,2,2,general (six-books); jarḥ (ḍuʿafāʾ),kashif_dhahabi; mughni_duafa_dhahabi,
عباد بن كثير الرملي عن عبد الله بن,عباد بن كثير الرملي عن عبد الله بن,2,2,general (six-books); jarḥ (ḍuʿafāʾ),kashif_dhahabi; mughni_duafa_dhahabi,
عبد الله بن أبي بكر بن زيد عن,عبد الله بن ابي بكر بن زيد عن,2,2,general (six-books); jarḥ (ḍuʿafāʾ),kashif_dhahabi; mughni_duafa_dhahabi,
عبد الله بن جعفر بن عبد الرحمن بن,عبد الله بن جعفر بن عبد الرحمن بن,2,2,general (six-books); jarḥ (ḍuʿafāʾ),duafa_ibnjawzi; kashif_dhahabi,
عبد الله بن جعفر بن نجيح أبو جعفر,عبد الله بن جعفر بن نجيح ابو جعفر,2,2,general (six-books); jarḥ (ḍuʿafāʾ),duafa_ibnjawzi; kashif_dhahabi,
عبد الله بن أبي جعفر الرازي عن أبيه,عبد الله بن ابي جعفر الرازي عن ابيه,2,2,general (six-books); jarḥ (ḍuʿafāʾ),kashif_dhahabi; mughni_duafa_dhahabi,
عبد الله بن حفص بن عمر بن سعد,عبد الله بن حفص بن عمر بن سعد,2,2,general (six-books); jarḥ (ḍuʿafāʾ),duafa_ibnjawzi; kashif_dhahabi,
عبد الله بن سليمان بن جنادة عن أبيه,عبد الله بن سليمان بن جناده عن ابيه,2,2,general (six-books); jarḥ (ḍuʿafāʾ),kashif_dhahabi; mughni_duafa_dhahabi,
عبد الله بن عبد الرحمن بن أبي حسين,عبد الله بن عبد الرحمن بن ابي حسين,2,2,general (six-books); marāsīl/connection,jami_tahsil_alai; kashif_dhahabi,
عبد الله بن عبد الرحمن بن يزيد بن,عبد الله بن عبد الرحمن بن يزيد بن,2,2,general (six-books); jarḥ (ḍuʿafāʾ),duafa_ibnjawzi; kashif_dhahabi,
عبد الله بن عبيد الله بن أبي مليكة,عبد الله بن عبيد الله بن ابي مليكه,2,2,general (six-books); marāsīl/connection,jami_tahsil_alai; kashif_dhahabi,
عبد الله بن علي بن يزيد بن ركانة,عبد الله بن علي بن يزيد بن ركانه,2,2,general (six-books); jarḥ (ḍuʿafāʾ),duafa_uqayli; kashif_dhahabi,duafa_uqayli:ج2/ص282
عبد الله بن عمر بن حفص بن عاصم,عبد الله بن عمر بن حفص بن عاصم,2,2,general (six-books); jarḥ (ḍuʿafāʾ),duafa_ibnjawzi; kashif_dhahabi,kashif_dhahabi:ج1/ص576
عبد الله بن عمرو بن الفغواء عن أبيه,عبد الله بن عمرو بن الفغوا عن ابيه,2,2,general (six-books); jarḥ (ḍuʿafāʾ),kashif_dhahabi; mughni_duafa_dhahabi,
عبد الله بن عيسى بن عبد الرحمن بن,عبد الله بن عيسي بن عبد الرحمن بن,2,2,general (six-books); jarḥ (ḍuʿafāʾ),kashif_dhahabi; mughni_duafa_dhahabi,
عبد الله بن المثنى بن عبد الله بن,عبد الله بن المثني بن عبد الله بن,2,2,general (six-books); marāsīl/connection,jami_tahsil_alai; kashif_dhahabi,
عبد الله بن محمد بن علي بن نفيل,عبد الله بن محمد بن علي بن نفيل,2,2,biography/ṭabaqāt; general (six-books),kashif_dhahabi; tabaqat_ibnsad,
عبد الله بن محمد الليثي عن تابعي صغير,عبد الله بن محمد الليثي عن تابعي صغير,2,2,general (six-books); jarḥ (ḍuʿafāʾ),kashif_dhahabi; mughni_duafa_dhahabi,
عبد الله بن نافع بن أبي العمياء عن,عبد الله بن نافع بن ابي العميا عن,2,2,general (six-books); jarḥ (ḍuʿafāʾ),kashif_dhahabi; mughni_duafa_dhahabi,
عبد الحميد بن جعفر بن عبد الله الأنصاري,عبد الحميد بن جعفر بن عبد الله الانصاري,2,2,biography; general (six-books),kashif_dhahabi; siyar_dhahabi,siyar_dhahabi:ج7/ص20
عبد الحميد بن عبد الرحمن بن زيد بن,عبد الحميد بن عبد الرحمن بن زيد بن,2,2,general (six-books); marāsīl/connection,jami_tahsil_alai; kashif_dhahabi,
عبد الرحمن بن أبي بكر بن عبيد الله,عبد الرحمن بن ابي بكر بن عبيد الله,2,2,general (six-books); jarḥ (ḍuʿafāʾ),duafa_ibnjawzi; kashif_dhahabi,
عبد الرحمن بن الحارث بن عبد الله بن,عبد الرحمن بن الحارث بن عبد الله بن,2,2,general (six-books); jarḥ (ḍuʿafāʾ),duafa_ibnjawzi; kashif_dhahabi,
عبد الرحمن بن صفوان بن أمية مختلف في,عبد الرحمن بن صفوان بن اميه مختلف في,2,2,general (six-books); marāsīl/connection,jami_tahsil_alai; kashif_dhahabi,
عبد الرحمن بن عبد الله بن عتبة بن,عبد الرحمن بن عبد الله بن عتبه بن,2,2,general (six-books); jarḥ (ḍuʿafāʾ),duafa_ibnjawzi; kashif_dhahabi,
عبد الرحمن بن هانئ أبو نعيم النخعي الكوفي,عبد الرحمن بن هاني ابو نعيم النخعي الكوفي,2,2,general (six-books); jarḥ (ḍuʿafāʾ),duafa_ibnjawzi; kashif_dhahabi,
عبد الملك بن أبي بكر بن عبد الرحمن,عبد الملك بن ابي بكر بن عبد الرحمن,2,2,general (six-books); marāsīl/connection,jami_tahsil_alai; kashif_dhahabi,
عبيد الله بن عبد الله أبو المنيب العتكي,عبيد الله بن عبد الله ابو المنيب العتكي,2,2,general (six-books); jarḥ (ḍuʿafāʾ),duafa_ibnjawzi; kashif_dhahabi,kashif_dhahabi:ج1/ص682
عمر بن عبد الله بن يعلى بن مرة,عمر بن عبد الله بن يعلي بن مره,2,2,general (six-books); jarḥ (ḍuʿafāʾ),duafa_ibnjawzi; kashif_dhahabi,
عمرو بن شعيب بن محمد بن عبد الله,عمرو بن شعيب بن محمد بن عبد الله,2,2,general (six-books); jarḥ (ḍuʿafāʾ),duafa_ibnjawzi; kashif_dhahabi,kashif_dhahabi:ج2/ص78
القاسم بن عبد الرحمن بن عبد الله بن,القاسم بن عبد الرحمن بن عبد الله بن,2,2,general (six-books); marāsīl/connection,jami_tahsil_alai; kashif_dhahabi,
كثير بن عبد الله بن عمرو بن عوف,كثير بن عبد الله بن عمرو بن عوف,2,2,general (six-books); jarḥ (ḍuʿafāʾ),duafa_ibnjawzi; kashif_dhahabi,kashif_dhahabi:ج2/ص145
محمد بن طلحة بن عبد الله بن عبد,محمد بن طلحه بن عبد الله بن عبد,2,2,general (six-books); marāsīl/connection,jami_tahsil_alai; kashif_dhahabi,
مطرف بن عبد الله بن الشخير الحرشي العامري,مطرف بن عبد الله بن الشخير الحرشي العامري,2,2,biography; general (six-books),kashif_dhahabi; siyar_dhahabi,siyar_dhahabi:ج4/ص187
معمر بن محمد بن عبيد الله بن أبي,معمر بن محمد بن عبيد الله بن ابي,2,2,general (six-books); jarḥ (ḍuʿafāʾ),duafa_ibnjawzi; kashif_dhahabi,
يحيى بن إسحاق بن عبد الله بن أبي,يحيي بن اسحاق بن عبد الله بن ابي,2,2,general (six-books); marāsīl/connection,jami_tahsil_alai; kashif_dhahabi,kashif_dhahabi:ج2/ص360
يحيى بن عبد الرحمن بن حاطب بن أبي,يحيي بن عبد الرحمن بن حاطب بن ابي,2,2,general (six-books); marāsīl/connection,jami_tahsil_alai; kashif_dhahabi,
يزيد بن عبد الله بن أسامة بن الهاد,يزيد بن عبد الله بن اسامه بن الهاد,2,2,general (six-books); marāsīl/connection,jami_tahsil_alai; kashif_dhahabi,
أبو أحمد الزبيري: محمد بن عبد الله. [=,ابو احمد الزبيري محمد بن عبد الله,2,2,biography; general (six-books),kashif_dhahabi; siyar_dhahabi,kashif_dhahabi:ج2/ص405 | siyar_dhahabi:ج9/ص529
أبو بكر بن عبد الله بن محمد بن,ابو بكر بن عبد الله بن محمد بن,2,2,general (six-books); jarḥ (ḍuʿafāʾ),duafa_ibnjawzi; kashif_dhahabi,
أبو بكر بن عبد الرحمن بن الحارث بن,ابو بكر بن عبد الرحمن بن الحارث بن,2,2,general (six-books); marāsīl/connection,jami_tahsil_alai; kashif_dhahabi,
أبو تميم الجيشاني: عبد الله بن مالك. [=,ابو تميم الجيشاني عبد الله بن مالك,2,2,biography; general (six-books),kashif_dhahabi; siyar_dhahabi,siyar_dhahabi:ج4/ص73
أبو رجاء العطاردي: عمران بن ملحان. [= 4275].,ابو رجا العطاردي عمران بن ملحان,2,2,biography; general (six-books),kashif_dhahabi; siyar_dhahabi,siyar_dhahabi:ج4/ص253
أبو زيد الهروي: سعيد بن الربيع. [= 1882].,ابو زيد الهروي سعيد بن الربيع,2,2,biography; general (six-books),kashif_dhahabi; siyar_dhahabi,siyar_dhahabi:ج9/ص496
أبو سفيان المعمري: محمد بن حميد. [= 4811].,ابو سفيان المعمري محمد بن حميد,2,2,biography; general (six-books),kashif_dhahabi; siyar_dhahabi,kashif_dhahabi:ج2/ص430 | siyar_dhahabi:ج9/ص39
أبو شهاب الحناط: عبد ربه بن نافع. [=,ابو شهاب الحناط عبد ربه بن نافع,2,2,biography; general (six-books),kashif_dhahabi; siyar_dhahabi,siyar_dhahabi:ج8/ص226
أبو عبد الرحمن السلمي: عبد الله بن حبيب.,ابو عبد الرحمن السلمي عبد الله بن حبيب,2,2,biography; general (six-books),kashif_dhahabi; siyar_dhahabi,siyar_dhahabi:ج4/ص267
أبو عثمان النهدي: عبد الرحمن بن مل. [=,ابو عثمان النهدي عبد الرحمن بن مل,2,2,biography; general (six-books),kashif_dhahabi; siyar_dhahabi,siyar_dhahabi:ج4/ص175
أبو عمرو الشيباني: سعد بن إياس. [= 1824].,ابو عمرو الشيباني سعد بن اياس,2,2,biography; general (six-books),kashif_dhahabi; siyar_dhahabi,siyar_dhahabi:ج4/ص173
أبو عمران الجوني: عبد الملك بن حبيب. [=,ابو عمران الجوني عبد الملك بن حبيب,2,2,biography; general (six-books),kashif_dhahabi; siyar_dhahabi,siyar_dhahabi:ج5/ص255
أبو العلاء القصاب: أيوب بن مسكين. [= 525].,ابو العلا القصاب ايوب بن مسكين,2,2,general (six-books); jarḥ (ḍuʿafāʾ),kashif_dhahabi; mughni_duafa_dhahabi,
أبو مجلز: لاحق. [= 6120].,ابو مجلز لاحق,2,2,biography/ṭabaqāt; general (six-books),kashif_dhahabi; tabaqat_ibnsad,kashif_dhahabi:ج2/ص456
أبو نعيم النخعي: عبد الرحمن بن هانئ. [=,ابو نعيم النخعي عبد الرحمن بن هاني,2,2,general (six-books); jarḥ (ḍuʿafāʾ),kashif_dhahabi; mughni_duafa_dhahabi,
الرياشي: عباس بن الفرج. [= 2606],الرياشي عباس بن الفرج,2,2,biography; general (six-books),kashif_dhahabi; siyar_dhahabi,siyar_dhahabi:ج12/ص372
إبراهيم بن إسحاق الصيني,ابراهيم بن اسحاق الصيني,2,2,jarḥ (ḍuʿafāʾ),duafa_ibnjawzi; mughni_duafa_dhahabi,
إسحاق بن محمد الفروي قال النسائي ليس بثقة,اسحاق بن محمد الفروي قال النسايي ليس بثقه,2,2,jarḥ (ḍuʿafāʾ),duafa_ibnjawzi; mughni_duafa_dhahabi,
إسماعيل بن أبي بكر عن عبدة بن أبي,اسماعيل بن ابي بكر عن عبده بن ابي,2,2,jarḥ (ḍuʿafāʾ),duafa_ibnjawzi; mughni_duafa_dhahabi,
إسماعيل بن شبيب الطائفي,اسماعيل بن شبيب الطايفي,2,2,jarḥ (ḍuʿafāʾ),duafa_uqayli; mughni_duafa_dhahabi,mughni_duafa_dhahabi:ج1/ص82 | duafa_uqayli:ج1/ص83
إسماعيل بن شروس الصنعاني,اسماعيل بن شروس الصنعاني,2,2,jarḥ (ḍuʿafāʾ),duafa_uqayli; mughni_duafa_dhahabi,duafa_uqayli:ج1/ص84
اياس بن مقاتل عن عطاء قال الازدي ضعيف,اياس بن مقاتل عن عطا قال الازدي ضعيف,2,2,jarḥ (ḍuʿafāʾ),duafa_ibnjawzi; mughni_duafa_dhahabi,
البراء بن عبد الله بن يزيد الغنوي البصري,البرا بن عبد الله بن يزيد الغنوي البصري,2,2,jarḥ (ḍuʿafāʾ),duafa_ibnjawzi; mughni_duafa_dhahabi,
بشر بن الحسين الاصبهاني,بشر بن الحسين الاصبهاني,2,2,jarḥ (ḍuʿafāʾ),duafa_uqayli; mughni_duafa_dhahabi,duafa_uqayli:ج1/ص141
جعفر بن عمران الواسطي عن عمر بن كثير,جعفر بن عمران الواسطي عن عمر بن كثير,2,2,jarḥ (ḍuʿafāʾ),duafa_ibnjawzi; mughni_duafa_dhahabi,
الحارث بن محمد عن أبي الطفيل,الحارث بن محمد عن ابي الطفيل,2,2,jarḥ (ḍuʿafāʾ),duafa_uqayli; mughni_duafa_dhahabi,duafa_uqayli:ج1/ص211
حبان بن زهير ويقال ابن يسار أبو روح,حبان بن زهير ويقال ابن يسار ابو روح,2,2,jarḥ (ḍuʿafāʾ),duafa_ibnjawzi; mughni_duafa_dhahabi,
الحسن بن علي الشروي عن عطاء,الحسن بن علي الشروي عن عطا,2,2,jarḥ (ḍuʿafāʾ),duafa_uqayli; mughni_duafa_dhahabi,duafa_uqayli:ج1/ص234
الحسن بن علي الهاشمي عن الأعرج,الحسن بن علي الهاشمي عن الاعرج,2,2,jarḥ (ḍuʿafāʾ),duafa_uqayli; mughni_duafa_dhahabi,duafa_uqayli:ج1/ص234
الحسين بن محمد بن بهرام عن ابن أبي,الحسين بن محمد بن بهرام عن ابن ابي,2,2,jarḥ (ḍuʿafāʾ),duafa_ibnjawzi; mughni_duafa_dhahabi,
الحكم بن عبد الله بن خطاف أبو سلمة,الحكم بن عبد الله بن خطاف ابو سلمه,2,2,jarḥ (ḍuʿafāʾ),duafa_ibnjawzi; mughni_duafa_dhahabi,
الحكم بن عبد الله بن سعد الأيلي,الحكم بن عبد الله بن سعد الايلي,2,2,jarḥ (ḍuʿafāʾ),duafa_uqayli; mughni_duafa_dhahabi,duafa_uqayli:ج1/ص256
الحكم بن عمرو عن عمر بن عبد العزيز,الحكم بن عمرو عن عمر بن عبد العزيز,2,2,jarḥ (ḍuʿafāʾ),duafa_ibnjawzi; mughni_duafa_dhahabi,
الحكم بن يعلى بن عطاء المحاربي,الحكم بن يعلي بن عطا المحاربي,2,2,jarḥ (ḍuʿafāʾ),duafa_uqayli; mughni_duafa_dhahabi,duafa_uqayli:ج1/ص260
حماد بن عمرو النصيبي,حماد بن عمرو النصيبي,2,2,jarḥ (ḍuʿafāʾ),duafa_uqayli; mughni_duafa_dhahabi,mughni_duafa_dhahabi:ج1/ص189 | duafa_uqayli:ج1/ص308
خالد بن شوذب بصري,خالد بن شوذب بصري,2,2,jarḥ (ḍuʿafāʾ),duafa_uqayli; mughni_duafa_dhahabi,
درمك بن عمرو عن أبي اسحاق,درمك بن عمرو عن ابي اسحاق,2,2,jarḥ (ḍuʿafāʾ),duafa_uqayli; mughni_duafa_dhahabi,duafa_uqayli:ج2/ص46
رجاء بن صبيح أبو يحيى صاحب السقط عن,رجا بن صبيح ابو يحيي صاحب السقط عن,2,2,jarḥ (ḍuʿafāʾ),duafa_ibnjawzi; mughni_duafa_dhahabi,
سعد بن حبيب عن الحسن,سعد بن حبيب عن الحسن,2,2,jarḥ (ḍuʿafāʾ),duafa_ibnjawzi; mughni_duafa_dhahabi,
سعيد بن أبي بكر بن أبي موسى,سعيد بن ابي بكر بن ابي موسي,2,2,jarḥ (ḍuʿafāʾ),duafa_uqayli; mughni_duafa_dhahabi,duafa_uqayli:ج2/ص102
سعيد بن حريث عن الحسن,سعيد بن حريث عن الحسن,2,2,jarḥ (ḍuʿafāʾ),duafa_ibnjawzi; mughni_duafa_dhahabi,
سعيد بن شرحبيل عن زيد بن أبي أوفى,سعيد بن شرحبيل عن زيد بن ابي اوفي,2,2,jarḥ (ḍuʿafāʾ),duafa_ibnjawzi; mughni_duafa_dhahabi,
سعيد بن عبد الله بن ضرار عن انس,سعيد بن عبد الله بن ضرار عن انس,2,2,jarḥ (ḍuʿafāʾ),duafa_ibnjawzi; mughni_duafa_dhahabi,
سعيد التمار عن أنس,سعيد التمار عن انس,2,2,jarḥ (ḍuʿafāʾ),duafa_uqayli; mughni_duafa_dhahabi,duafa_uqayli:ج2/ص102
سلام بن سليمان المدائني,سلام بن سليمان المدايني,2,2,jarḥ (ḍuʿafāʾ),duafa_uqayli; mughni_duafa_dhahabi,duafa_uqayli:ج2/ص161
سلام بن مسكين,سلام بن مسكين,2,2,biography/ṭabaqāt; jarḥ (ḍuʿafāʾ),mughni_duafa_dhahabi; tabaqat_ibnsad,
سليمان بن أحمد الواسطي,سليمان بن احمد الواسطي,2,2,jarḥ (ḍuʿafāʾ),duafa_uqayli; mughni_duafa_dhahabi,duafa_uqayli:ج2/ص122
سليمان بن داود اليمامي عن يحيى بن أبي كثير,سليمان بن داود اليمامي عن يحيي بن ابي كثير,2,2,jarḥ (ḍuʿafāʾ),duafa_uqayli; mughni_duafa_dhahabi,duafa_uqayli:ج2/ص126
سليمان بن رجاء عن عبد العزيز بن مسلم,سليمان بن رجا عن عبد العزيز بن مسلم,2,2,jarḥ (ḍuʿafāʾ),duafa_ibnjawzi; mughni_duafa_dhahabi,
سليمان بن شعيب بن الليث بن سعد,سليمان بن شعيب بن الليث بن سعد,2,2,jarḥ (ḍuʿafāʾ),duafa_uqayli; mughni_duafa_dhahabi,duafa_uqayli:ج2/ص130
سليمان بن عمرو أبو داود النخعي,سليمان بن عمرو ابو داود النخعي,2,2,jarḥ (ḍuʿafāʾ),duafa_uqayli; mughni_duafa_dhahabi,
سهيل بن عمير عن أبيه,سهيل بن عمير عن ابيه,2,2,jarḥ (ḍuʿafāʾ),duafa_ibnjawzi; mughni_duafa_dhahabi,
شعيب بن طلحة,شعيب بن طلحه,2,2,biography/ṭabaqāt; jarḥ (ḍuʿafāʾ),mughni_duafa_dhahabi; tabaqat_ibnsad,tabaqat_ibnsad:ج7/ص583
شقيق بن حمزة الأسدي,شقيق بن حمزه الاسدي,2,2,jarḥ (ḍuʿafāʾ),duafa_ibnjawzi; mughni_duafa_dhahabi,
شهاب بن عباد,شهاب بن عباد,2,2,biography/ṭabaqāt; jarḥ (ḍuʿafāʾ),mughni_duafa_dhahabi; tabaqat_ibnsad,
صالح بن عبد القدوس,صالح بن عبد القدوس,2,2,jarḥ (ḍuʿafāʾ),duafa_uqayli; mughni_duafa_dhahabi,
صعصعة بن صوحان,صعصعه بن صوحان,2,2,biography/ṭabaqāt; jarḥ (ḍuʿafāʾ),mughni_duafa_dhahabi; tabaqat_ibnsad,mughni_duafa_dhahabi:ج1/ص308 | tabaqat_ibnsad:ج8/ص340
الضحاك بن يسار بصري,الضحاك بن يسار بصري,2,2,jarḥ (ḍuʿafāʾ),duafa_uqayli; mughni_duafa_dhahabi,duafa_uqayli:ج2/ص218
عاصم بن عبيد الله بن عاصم بن عمر,عاصم بن عبيد الله بن عاصم بن عمر,2,2,jarḥ (ḍuʿafāʾ),duafa_ibnjawzi; mughni_duafa_dhahabi,
عبادة أبو يحيى كان قتادة يرميه بالكذب,عباده ابو يحيي كان قتاده يرميه بالكذب,2,2,jarḥ (ḍuʿafāʾ),duafa_ibnjawzi; mughni_duafa_dhahabi,
عبد الله بن ظالم عن سعيد بن زيد,عبد الله بن ظالم عن سعيد بن زيد,2,2,jarḥ (ḍuʿafāʾ),duafa_uqayli; mughni_duafa_dhahabi,duafa_uqayli:ج2/ص268
عبد الله بن عبد العزيز بن أبي ثابت,عبد الله بن عبد العزيز بن ابي ثابت,2,2,jarḥ (ḍuʿafāʾ),duafa_ibnjawzi; mughni_duafa_dhahabi,
عبد الخبير عن أبيه عن جده ثابت بن,عبد الخبير عن ابيه عن جده ثابت بن,2,2,jarḥ (ḍuʿafāʾ),duafa_ibnjawzi; mughni_duafa_dhahabi,
عبد المنان بن هارون الواسطي قال الأزدي متروك,عبد المنان بن هارون الواسطي قال الازدي متروك,2,2,jarḥ (ḍuʿafāʾ),duafa_ibnjawzi; mughni_duafa_dhahabi,
ليث بن عمرو بن سام قال النسائي ضعيف,ليث بن عمرو بن سام قال النسايي ضعيف,2,2,jarḥ (ḍuʿafāʾ),duafa_ibnjawzi; mughni_duafa_dhahabi,
محمد بن طريف عن سعيد بن المسيب,محمد بن طريف عن سعيد بن المسيب,2,2,jarḥ (ḍuʿafāʾ),duafa_ibnjawzi; mughni_duafa_dhahabi,
محمد بن عبد الرحمن بن فرقد عن الزهري,محمد بن عبد الرحمن بن فرقد عن الزهري,2,2,jarḥ (ḍuʿafāʾ),duafa_ibnjawzi; mughni_duafa_dhahabi,
محمد بن منصور الجعفي,محمد بن منصور الجعفي,2,2,jarḥ (ḍuʿafāʾ),duafa_ibnjawzi; mughni_duafa_dhahabi,
مسلمة عن أبي قلابة,مسلمه عن ابي قلابه,2,2,jarḥ (ḍuʿafāʾ),duafa_ibnjawzi; mughni_duafa_dhahabi,
وأبو محمد البصري عن نعيم بن أبي هند,وابو محمد البصري عن نعيم بن ابي هند,2,2,jarḥ (ḍuʿafāʾ),duafa_ibnjawzi; mughni_duafa_dhahabi,
عبد الله بن سهيل بن عمرو,عبد الله بن سهيل بن عمرو,2,2,biography; biography/ṭabaqāt,siyar_dhahabi; tabaqat_ibnsad,siyar_dhahabi:ج1/ص193 | tabaqat_ibnsad:ج3/ص376
العلاء بن الحضرمي,العلا بن الحضرمي,2,2,biography; biography/ṭabaqāt,siyar_dhahabi; tabaqat_ibnsad,siyar_dhahabi:ج1/ص262 | tabaqat_ibnsad:ج5/ص276
بلال بن رباح,بلال بن رباح,2,2,biography; biography/ṭabaqāt,siyar_dhahabi; tabaqat_ibnsad,siyar_dhahabi:ج1/ص347 | tabaqat_ibnsad:ج3/ص213
أبو رافع مولى رسول الله -صلى الله عليه وسلم,ابو رافع مولي رسول الله صلي الله عليه وسلم,2,2,biography; biography/ṭabaqāt,siyar_dhahabi; tabaqat_ibnsad,siyar_dhahabi:ج2/ص16 | tabaqat_ibnsad:ج4/ص67
فاطمة بنت رسول الله ** -صلى الله عليه وسلم,فاطمه بنت رسول الله صلي الله عليه وسلم,2,2,biography; biography/ṭabaqāt,siyar_dhahabi; tabaqat_ibnsad,siyar_dhahabi:ج2/ص118 | tabaqat_ibnsad:ج10/ص20
زينب بنت رسول الله * -صلى الله عليه وسلم,زينب بنت رسول الله صلي الله عليه وسلم,2,2,biography; biography/ṭabaqāt,siyar_dhahabi; tabaqat_ibnsad,siyar_dhahabi:ج2/ص246 | tabaqat_ibnsad:ج10/ص31
رقية بنت رسول الله * -صلى الله عليه وسلم,رقيه بنت رسول الله صلي الله عليه وسلم,2,2,biography; biography/ṭabaqāt,siyar_dhahabi; tabaqat_ibnsad,siyar_dhahabi:ج2/ص250 | tabaqat_ibnsad:ج10/ص36
أم كلثوم بنت رسول الله * -صلى الله عليه وسلم,ام كلثوم بنت رسول الله صلي الله عليه وسلم,2,2,biography; biography/ṭabaqāt,siyar_dhahabi; tabaqat_ibnsad,siyar_dhahabi:ج2/ص252 | tabaqat_ibnsad:ج10/ص38
معيقيب بن أبي فاطمة الدوسي,معيقيب بن ابي فاطمه الدوسي,2,2,biography; biography/ṭabaqāt,siyar_dhahabi; tabaqat_ibnsad,siyar_dhahabi:ج2/ص491 | tabaqat_ibnsad:ج4/ص109
أبو ثعلبة الخشني,ابو ثعلبه الخشني,2,2,biography; biography/ṭabaqāt,siyar_dhahabi; tabaqat_ibnsad,siyar_dhahabi:ج2/ص567 | tabaqat_ibnsad:ج9/ص419
أبو عنبة الخولاني,ابو عنبه الخولاني,2,2,biography; biography/ṭabaqāt,siyar_dhahabi; tabaqat_ibnsad,siyar_dhahabi:ج3/ص433 | tabaqat_ibnsad:ج9/ص439
عمرو بن الزبير,عمرو بن الزبير,2,2,biography; biography/ṭabaqāt,siyar_dhahabi; tabaqat_ibnsad,siyar_dhahabi:ج3/ص472 | tabaqat_ibnsad:ج7/ص184
خرشة بن الحر,خرشه بن الحر,2,2,biography; biography/ṭabaqāt,siyar_dhahabi; tabaqat_ibnsad,tabaqat_ibnsad:ج8/ص268
العلاء بن زياد بن مطر بن شريح العدوي,العلا بن زياد بن مطر بن شريح العدوي,2,2,biography; biography/ṭabaqāt,siyar_dhahabi; tabaqat_ibnsad,siyar_dhahabi:ج4/ص202 | tabaqat_ibnsad:ج9/ص216
عبد الله بن معبد الزماني,عبد الله بن معبد الزماني,2,2,biography; jarḥ (ḍuʿafāʾ),duafa_uqayli; siyar_dhahabi,siyar_dhahabi:ج4/ص206 | duafa_uqayli:ج2/ص305
حميد بن عبد الرحمن الحميري,حميد بن عبد الرحمن الحميري,2,2,biography; biography/ṭabaqāt,siyar_dhahabi; tabaqat_ibnsad,siyar_dhahabi:ج4/ص293 | tabaqat_ibnsad:ج9/ص147
إسحاق بن طلحة,اسحاق بن طلحه,2,2,biography; biography/ṭabaqāt,siyar_dhahabi; tabaqat_ibnsad,siyar_dhahabi:ج4/ص368 | tabaqat_ibnsad:ج7/ص165
خلاس بن عمرو الهجري,خلاس بن عمرو الهجري,2,2,biography; biography/ṭabaqāt,siyar_dhahabi; tabaqat_ibnsad,tabaqat_ibnsad:ج9/ص149
طلق بن حبيب العنزي,طلق بن حبيب العنزي,2,2,biography; biography/ṭabaqāt,siyar_dhahabi; tabaqat_ibnsad,siyar_dhahabi:ج4/ص601 | tabaqat_ibnsad:ج9/ص226
أنس بن سيرين,انس بن سيرين,2,2,biography; biography/ṭabaqāt,siyar_dhahabi; tabaqat_ibnsad,siyar_dhahabi:ج4/ص622 | tabaqat_ibnsad:ج9/ص206
سعيد بن أبي هند,سعيد بن ابي هند,2,2,biography; biography/ṭabaqāt,siyar_dhahabi; tabaqat_ibnsad,siyar_dhahabi:ج5/ص9 | tabaqat_ibnsad:ج7/ص426
أبو صالح باذام,ابو صالح باذام,2,2,biography; biography/ṭabaqāt,siyar_dhahabi; tabaqat_ibnsad,siyar_dhahabi:ج5/ص37 | tabaqat_ibnsad:ج7/ص297
سليمان بن حبيب المحاربي,سليمان بن حبيب المحاربي,2,2,biography; biography/ṭabaqāt,siyar_dhahabi; tabaqat_ibnsad,tabaqat_ibnsad:ج9/ص459
مالك بن دينار,مالك بن دينار,2,2,biography; biography/ṭabaqāt,siyar_dhahabi; tabaqat_ibnsad,siyar_dhahabi:ج5/ص362
يزيد بن عبد الرحمن بن أبي مالك الهمداني,يزيد بن عبد الرحمن بن ابي مالك الهمداني,2,2,biography; marāsīl/connection,jami_tahsil_alai; siyar_dhahabi,siyar_dhahabi:ج5/ص437
عطاء بن أبي ميمونة,عطا بن ابي ميمونه,2,2,biography; biography/ṭabaqāt,siyar_dhahabi; tabaqat_ibnsad,siyar_dhahabi:ج6/ص47 | tabaqat_ibnsad:ج9/ص244
عمر بن أبي سلمة بن عبد الرحمن بن عوف الزهري,عمر بن ابي سلمه بن عبد الرحمن بن عوف الزهري,2,2,biography; jarḥ (ḍuʿafāʾ),duafa_uqayli; siyar_dhahabi,siyar_dhahabi:ج6/ص133 | duafa_uqayli:ج3/ص164
محمد بن عمرو بن علقمة بن وقاص الليثي,محمد بن عمرو بن علقمه بن وقاص الليثي,2,2,biography; jarḥ (ḍuʿafāʾ),duafa_uqayli; siyar_dhahabi,siyar_dhahabi:ج6/ص136
عمران بن حدير السدوسي,عمران بن حدير السدوسي,2,2,biography; biography/ṭabaqāt,siyar_dhahabi; tabaqat_ibnsad,siyar_dhahabi:ج6/ص363 | tabaqat_ibnsad:ج9/ص270
حجاج بن دينار الواسطي,حجاج بن دينار الواسطي,2,2,biography; jarḥ (ḍuʿafāʾ),duafa_uqayli; siyar_dhahabi,siyar_dhahabi:ج7/ص77 | duafa_uqayli:ج1/ص286
عبد العزيز بن مسلم القسملي,عبد العزيز بن مسلم القسملي,2,2,biography; jarḥ (ḍuʿafāʾ),duafa_uqayli; siyar_dhahabi,siyar_dhahabi:ج8/ص192 | duafa_uqayli:ج3/ص17
قزعة بن سويد بن حجير الباهلي,قزعه بن سويد بن حجير الباهلي,2,2,biography; jarḥ (ḍuʿafāʾ),duafa_uqayli; siyar_dhahabi,
إبراهيم بن محمد بن أبي يحيى الأسلمي,ابراهيم بن محمد بن ابي يحيي الاسلمي,2,2,biography; tadlīs,siyar_dhahabi; tabaqat_mudallisin_ibnhajar,siyar_dhahabi:ج8/ص450
مروان بن سالم الجزري,مروان بن سالم الجزري,2,2,biography; jarḥ (ḍuʿafāʾ),duafa_uqayli; siyar_dhahabi,siyar_dhahabi:ج9/ص35 | duafa_uqayli:ج4/ص204
يوسف بن أسباط,يوسف بن اسباط,2,2,biography; jarḥ (ḍuʿafāʾ),duafa_uqayli; siyar_dhahabi,siyar_dhahabi:ج9/ص169 | duafa_uqayli:ج4/ص454
عثمان بن عبد الرحمن الوقاصي الزهري,عثمان بن عبد الرحمن الوقاصي الزهري,2,2,biography; jarḥ (ḍuʿafāʾ),duafa_uqayli; siyar_dhahabi,duafa_uqayli:ج3/ص206
يحيى بن كثير أبو النضر,يحيي بن كثير ابو النضر,2,2,biography; jarḥ (ḍuʿafāʾ),duafa_uqayli; siyar_dhahabi,duafa_uqayli:ج4/ص424
عمرو بن مرزوق الباهلي,عمرو بن مرزوق الباهلي,2,2,biography; biography/ṭabaqāt,siyar_dhahabi; tabaqat_ibnsad,siyar_dhahabi:ج10/ص417 | tabaqat_ibnsad:ج9/ص306
عقيل بن أبي طالب,عقيل بن ابي طالب,2,2,biography/ṭabaqāt; taʿdīl (thiqāt),marifat_thiqat_ijli; tabaqat_ibnsad,tabaqat_ibnsad:ج4/ص38
عبد الله بن سراقة,عبد الله بن سراقه,2,2,biography/ṭabaqāt; jarḥ (ḍuʿafāʾ),duafa_uqayli; tabaqat_ibnsad,tabaqat_ibnsad:ج4/ص132 | duafa_uqayli:ج2/ص263
عمارة بن غزية,عماره بن غزيه,2,2,biography/ṭabaqāt; jarḥ (ḍuʿafāʾ),duafa_uqayli; tabaqat_ibnsad,tabaqat_ibnsad:ج7/ص498
عبد الله بن سعيد بن أبي هند,عبد الله بن سعيد بن ابي هند,2,2,biography/ṭabaqāt; jarḥ (ḍuʿafāʾ),duafa_uqayli; tabaqat_ibnsad,tabaqat_ibnsad:ج7/ص529 | duafa_uqayli:ج2/ص261
عمر بن محمد,عمر بن محمد,2,2,biography/ṭabaqāt; jarḥ (ḍuʿafāʾ),duafa_uqayli; tabaqat_ibnsad,tabaqat_ibnsad:ج7/ص533 | duafa_uqayli:ج3/ص188
عمر بن حمزة,عمر بن حمزه,2,2,biography/ṭabaqāt; jarḥ (ḍuʿafāʾ),duafa_uqayli; tabaqat_ibnsad,tabaqat_ibnsad:ج7/ص547 | duafa_uqayli:ج3/ص153
عمر بن صهبان,عمر بن صهبان,2,2,biography/ṭabaqāt; jarḥ (ḍuʿafāʾ),duafa_uqayli; tabaqat_ibnsad,tabaqat_ibnsad:ج7/ص567 | duafa_uqayli:ج3/ص173
عبد العزيز بن أبي حازم,عبد العزيز بن ابي حازم,2,2,biography/ṭabaqāt; jarḥ (ḍuʿafāʾ),duafa_uqayli; tabaqat_ibnsad,tabaqat_ibnsad:ج7/ص602
إياس بن خليفة,اياس بن خليفه,2,2,biography/ṭabaqāt; jarḥ (ḍuʿafāʾ),duafa_uqayli; tabaqat_ibnsad,tabaqat_ibnsad:ج8/ص37 | duafa_uqayli:ج1/ص33
عبد العزيز بن أبي رواد,عبد العزيز بن ابي رواد,2,2,biography/ṭabaqāt; jarḥ (ḍuʿafāʾ),duafa_uqayli; tabaqat_ibnsad,tabaqat_ibnsad:ج8/ص55 | duafa_uqayli:ج3/ص8
بشر بن السري,بشر بن السري,2,2,biography/ṭabaqāt; jarḥ (ḍuʿafāʾ),duafa_uqayli; tabaqat_ibnsad,
عبد الرحمن بن أبي ليلى,عبد الرحمن بن ابي ليلي,2,2,biography/ṭabaqāt; jarḥ (ḍuʿafāʾ),duafa_uqayli; tabaqat_ibnsad,tabaqat_ibnsad:ج8/ص229 | duafa_uqayli:ج2/ص337
يزيد بن عبد الرحمن,يزيد بن عبد الرحمن,2,2,biography/ṭabaqāt; tadlīs,tabaqat_ibnsad; tabaqat_mudallisin_ibnhajar,
عدي بن ثابت الأنصاري,عدي بن ثابت الانصاري,2,2,biography/ṭabaqāt; jarḥ (ḍuʿafāʾ),duafa_uqayli; tabaqat_ibnsad,
محمد بن جحادة,محمد بن جحاده,2,2,biography/ṭabaqāt; jarḥ (ḍuʿafāʾ),duafa_uqayli; tabaqat_ibnsad,tabaqat_ibnsad:ج8/ص454
قابوس بن أبي ظبيان الجنبي,قابوس بن ابي ظبيان الجنبي,2,2,biography/ṭabaqāt; jarḥ (ḍuʿafāʾ),duafa_uqayli; tabaqat_ibnsad,
ليث بن أبي سليم,ليث بن ابي سليم,2,2,biography/ṭabaqāt; jarḥ (ḍuʿafāʾ),duafa_uqayli; tabaqat_ibnsad,tabaqat_ibnsad:ج8/ص468
عبد الله بن شبرمة,عبد الله بن شبرمه,2,2,biography/ṭabaqāt; jarḥ (ḍuʿafāʾ),duafa_uqayli; tabaqat_ibnsad,tabaqat_ibnsad:ج8/ص469 | duafa_uqayli:ج2/ص266
سعيد بن المرزبان,سعيد بن المرزبان,2,2,biography/ṭabaqāt; tadlīs,tabaqat_ibnsad; tabaqat_mudallisin_ibnhajar,
عائذ بن حبيب,عايذ بن حبيب,2,2,biography/ṭabaqāt; jarḥ (ḍuʿafāʾ),duafa_uqayli; tabaqat_ibnsad,tabaqat_ibnsad:ج8/ص520
يونس بن بكير,يونس بن بكير,2,2,biography/ṭabaqāt; jarḥ (ḍuʿafāʾ),duafa_uqayli; tabaqat_ibnsad,
علي بن ظبيان,علي بن ظبيان,2,2,biography/ṭabaqāt; jarḥ (ḍuʿafāʾ),duafa_uqayli; tabaqat_ibnsad,tabaqat_ibnsad:ج8/ص525 | duafa_uqayli:ج3/ص234
علي بن قادم,علي بن قادم,2,2,biography/ṭabaqāt; jarḥ (ḍuʿafāʾ),duafa_uqayli; tabaqat_ibnsad,
العلاء بن عمرو الحنفي,العلا بن عمرو الحنفي,2,2,biography/ṭabaqāt; jarḥ (ḍuʿafāʾ),duafa_uqayli; tabaqat_ibnsad,duafa_uqayli:ج3/ص348
عبد الله بن شقيق العقيلي,عبد الله بن شقيق العقيلي,2,2,biography/ṭabaqāt; jarḥ (ḍuʿafāʾ),duafa_uqayli; tabaqat_ibnsad,tabaqat_ibnsad:ج9/ص125
علي بن زيد بن جدعان,علي بن زيد بن جدعان,2,2,biography/ṭabaqāt; jarḥ (ḍuʿafāʾ),duafa_uqayli; tabaqat_ibnsad,
عاصم بن سليمان الأحول,عاصم بن سليمان الاحول,2,2,biography/ṭabaqāt; jarḥ (ḍuʿafāʾ),duafa_uqayli; tabaqat_ibnsad,tabaqat_ibnsad:ج9/ص255 | duafa_uqayli:ج3/ص336
عوف بن أبي جميلة الأعرابي,عوف بن ابي جميله الاعرابي,2,2,biography/ṭabaqāt; jarḥ (ḍuʿafāʾ),duafa_uqayli; tabaqat_ibnsad,tabaqat_ibnsad:ج9/ص257
هشام بن حسان القردوسي,هشام بن حسان القردوسي,2,2,biography/ṭabaqāt; jarḥ (ḍuʿafāʾ),duafa_uqayli; tabaqat_ibnsad,tabaqat_ibnsad:ج9/ص271 | duafa_uqayli:ج4/ص336
علي بن علي الرفاعي,علي بن علي الرفاعي,2,2,biography/ṭabaqāt; jarḥ (ḍuʿafāʾ),duafa_uqayli; tabaqat_ibnsad,tabaqat_ibnsad:ج9/ص274
القاسم بن الفضل الحداني,القاسم بن الفضل الحداني,2,2,biography/ṭabaqāt; jarḥ (ḍuʿafāʾ),duafa_uqayli; tabaqat_ibnsad,tabaqat_ibnsad:ج9/ص282 | duafa_uqayli:ج3/ص477
عمارة بن زاذان الصيدلاني,عماره بن زاذان الصيدلاني,2,2,biography/ṭabaqāt; jarḥ (ḍuʿafāʾ),duafa_uqayli; tabaqat_ibnsad,tabaqat_ibnsad:ج9/ص283
عبد الوهاب بن عبد المجيد الثقفي,عبد الوهاب بن عبد المجيد الثقفي,2,2,biography/ṭabaqāt; jarḥ (ḍuʿafāʾ),duafa_uqayli; tabaqat_ibnsad,tabaqat_ibnsad:ج9/ص291 | duafa_uqayli:ج3/ص76
عمر بن علي المقدمي,عمر بن علي المقدمي,2,2,biography/ṭabaqāt; jarḥ (ḍuʿafāʾ),duafa_uqayli; tabaqat_ibnsad,tabaqat_ibnsad:ج9/ص292 | duafa_uqayli:ج3/ص179
بكار بن محمد بن عبد الله بن محمد بن سيرين,بكار بن محمد بن عبد الله بن محمد بن سيرين,2,2,biography/ṭabaqāt; jarḥ (ḍuʿafāʾ),duafa_uqayli; tabaqat_ibnsad,tabaqat_ibnsad:ج9/ص298 | duafa_uqayli:ج1/ص152
حرمي بن عمارة بن أبي حفصة,حرمي بن عماره بن ابي حفصه,2,2,biography/ṭabaqāt; jarḥ (ḍuʿafāʾ),duafa_uqayli; tabaqat_ibnsad,
أبو خالد الدالاني,ابو خالد الدالاني,2,2,biography/ṭabaqāt; taʿdīl (thiqāt),marifat_thiqat_ijli; tabaqat_ibnsad,tabaqat_ibnsad:ج9/ص312
محمد بن إسحاق بن يسار,محمد بن اسحاق بن يسار,2,2,biography/ṭabaqāt; jarḥ (ḍuʿafāʾ),duafa_uqayli; tabaqat_ibnsad,tabaqat_ibnsad:ج9/ص323
أسد بن عمرو البجلي,اسد بن عمرو البجلي,2,2,biography/ṭabaqāt; jarḥ (ḍuʿafāʾ),duafa_uqayli; tabaqat_ibnsad,tabaqat_ibnsad:ج9/ص333 | duafa_uqayli:ج1/ص24
عصمة بن محمد الأنصاري,عصمه بن محمد الانصاري,2,2,biography/ṭabaqāt; jarḥ (ḍuʿafāʾ),duafa_uqayli; tabaqat_ibnsad,tabaqat_ibnsad:ج9/ص334 | duafa_uqayli:ج3/ص340
سعيد بن سليمان الواسطي,سعيد بن سليمان الواسطي,2,2,biography/ṭabaqāt; jarḥ (ḍuʿafāʾ),duafa_uqayli; tabaqat_ibnsad,tabaqat_ibnsad:ج9/ص342 | duafa_uqayli:ج2/ص109
بشار بن موسى الخفاف,بشار بن موسي الخفاف,2,2,biography/ṭabaqāt; jarḥ (ḍuʿafāʾ),duafa_uqayli; tabaqat_ibnsad,
سلم بن سالم البلخي,سلم بن سالم البلخي,2,2,biography/ṭabaqāt; jarḥ (ḍuʿafāʾ),duafa_uqayli; tabaqat_ibnsad,tabaqat_ibnsad:ج9/ص378
نصر بن باب,نصر بن باب,2,2,biography/ṭabaqāt; jarḥ (ḍuʿafāʾ),duafa_uqayli; tabaqat_ibnsad,tabaqat_ibnsad:ج9/ص380 | duafa_uqayli:ج4/ص302
علي بن أبي طلحة,علي بن ابي طلحه,2,2,biography/ṭabaqāt; jarḥ (ḍuʿafāʾ),duafa_uqayli; tabaqat_ibnsad,tabaqat_ibnsad:ج9/ص461
العلاء بن الحارث,العلا بن الحارث,2,2,biography/ṭabaqāt; jarḥ (ḍuʿafāʾ),duafa_uqayli; tabaqat_ibnsad,
مشرح بن هاعان,مشرح بن هاعان,2,2,biography/ṭabaqāt; jarḥ (ḍuʿafāʾ),duafa_uqayli; tabaqat_ibnsad,
عبد الأعلى بن أبي المساور أبو مسعود الجرار,عبد الاعلي بن ابي المساور ابو مسعود الجرار,2,2,jarḥ (ḍuʿafāʾ),duafa_ibnjawzi; duafa_uqayli,
عبد الله بن عبد العزيز بن أبي رواد,عبد الله بن عبد العزيز بن ابي رواد,2,2,jarḥ (ḍuʿafāʾ),duafa_ibnjawzi; duafa_uqayli,duafa_uqayli:ج2/ص279
عبد الله بن يسار وهو ابن أبي نجيح,عبد الله بن يسار وهو ابن ابي نجيح,2,2,jarḥ (ḍuʿafāʾ),duafa_ibnjawzi; duafa_uqayli,
عبد الملك بن عبد الرحمن أبو العباس الشامي,عبد الملك بن عبد الرحمن ابو العباس الشامي,2,2,jarḥ (ḍuʿafāʾ),duafa_ibnjawzi; duafa_uqayli,duafa_uqayli:ج3/ص27
عبد المهيمن بن عباس بن سهل بن سعد,عبد المهيمن بن عباس بن سهل بن سعد,2,2,jarḥ (ḍuʿafāʾ),duafa_ibnjawzi; duafa_uqayli,duafa_uqayli:ج3/ص114
علي بن عاصم بن صهيب أبو الحسن الواسطي,علي بن عاصم بن صهيب ابو الحسن الواسطي,2,2,jarḥ (ḍuʿafāʾ),duafa_ibnjawzi; duafa_uqayli,duafa_uqayli:ج3/ص246
عمر بن إسماعيل بن مجالد بن سعيد الهمداني,عمر بن اسماعيل بن مجالد بن سعيد الهمداني,2,2,jarḥ (ḍuʿafāʾ),duafa_ibnjawzi; duafa_uqayli,duafa_uqayli:ج3/ص149
محمد بن مسلم بن تدرس أبو الزبير المكي,محمد بن مسلم بن تدرس ابو الزبير المكي,2,2,jarḥ (ḍuʿafāʾ); marāsīl/connection,duafa_ibnjawzi; jami_tahsil_alai,
مخرمة بن بكير بن عبد الله بن الأشج,مخرمه بن بكير بن عبد الله بن الاشج,2,2,jarḥ (ḍuʿafāʾ),duafa_ibnjawzi; duafa_uqayli,
يحيى بن يعقوب بن مدرك أبو طالب القاص,يحيي بن يعقوب بن مدرك ابو طالب القاص,2,2,jarḥ (ḍuʿafāʾ),duafa_ibnjawzi; duafa_uqayli,
حجاج الصواف بصرى ثقة,حجاج الصواف بصري ثقه,2,2,taʿdīl (thiqāt),marifat_thiqat_ijli; thiqat_ibnshahin,
حكام بن سلم الرازي ثقة,حكام بن سلم الرازي ثقه,2,2,taʿdīl (thiqāt),marifat_thiqat_ijli; thiqat_ibnshahin,
جابر بن يزيد الجعفي,جابر بن يزيد الجعفي,2,2,jarḥ (ḍuʿafāʾ); tadlīs,duafa_uqayli; tabaqat_mudallisin_ibnhajar,duafa_uqayli:ج1/ص194
عبد الوهاب بن مجاهد بن جبر,عبد الوهاب بن مجاهد بن جبر,2,2,jarḥ (ḍuʿafāʾ); tadlīs,duafa_uqayli; tabaqat_mudallisin_ibnhajar,duafa_uqayli:ج3/ص72 | tabaqat_mudallisin_ibnhajar:ج0/ص55
محمد بن كثير الصنعاني,محمد بن كثير الصنعاني,2,2,jarḥ (ḍuʿafāʾ); tadlīs,duafa_uqayli; tabaqat_mudallisin_ibnhajar,duafa_uqayli:ج4/ص128
داود بن عبد الجبار ليس بثقة,داود بن عبد الجبار ليس بثقه,2,2,jarḥ (majrūḥīn); jarḥ (ḍuʿafāʾ),duafa_nasai; majruhin_ibnhibban,
[ع] عمرو بن عبد الله السبيعي,ع عمرو بن عبد الله السبيعي,2,2,ikhtilāṭ; tadlīs,ightibat_sibt_ibnajami; tabaqat_mudallisin_ibnhajar,tabaqat_mudallisin_ibnhajar:ج0/ص42
